code,report_type,release_date,analysis_year,manufacturer,device_name,device_type,title,content_title,sensor_modality,pixel_pitch_um,resolution_mp,resolution_x,resolution_y,optical_format,active_si_thickness_um,optical_stack_height_um,cfa_thickness_um,cfa_thickness_min_um,cfa_thickness_max_um,ocl_pitch_um,color_filter_pitch_um,grid_pitch_um,die_area_mm2,die_size_text,package_dimensions_text,cis_foundry,cis_process_nm,isp_process_nm,pixel_beol_metal_pitch_nm,pixel_sharing,pixel_architecture,transistors_per_pixel,subpixels_per_pixel,illumination,shutter,transfer_gate_type,is_stacked,has_dbi,has_dti,dti_type,dti_depth_um,dti_width_um,dti_width_nm,dti_aspect_ratio,dti_fill_material,dti_liner_material,dti_biasing,cfa_pattern,microlens_type,grid_material,metal_stack,has_hdr,has_lofic,has_pdaf,source_html,source_pdf,stack_config,tcad_profile
DEF-1311-801,DEF,2013-11-08T00:00:00.000+00:00,2013,OmniVision,OV07955-E53V-PF,CMOS Image Sensor,OmniVision OV7955 CMOS Image Sensor Device Essentials Folder,,cmos_image_sensor,6.0,,,,"1/3.7""",,5.1,,,,,,,,,,,,,,,standalone,,,,,,,,,,,,,,,,,,,,,,,,/Users/seongcheoljeong/Sensor_DB_TechInsight/techinsights_html_download/html/reports/166_DEF-1311-801.html,/Users/seongcheoljeong/Sensor_DB_TechInsight/techinsights_html_download/html/pdfs/166_DEF-1311-801/OmniVision_OV7955_Device_Essentials_Summary.pdf,/Users/seongcheoljeong/FDTD/sensor_db/generated_stack_configs/def_1311_801_omnivision_ov07955_e53v_pf.json,/Users/seongcheoljeong/FDTD/sensor_db/generated_tcad_profiles/def_1311_801_omnivision_ov07955_e53v_pf/profile.json
DEF-1405-801,DEF,2014-05-09T00:00:00.000+00:00,2014,Melexis,MLX75411,CMOS Image Sensor,Melexis MLX75411 Device Essentials Image Set,,cmos_image_sensor,5.5,,,,"1/3""",,10.0,,,,,,,,,,,,,,,standalone,,,,,,,,,,,,,,,,,,,,,,,,/Users/seongcheoljeong/Sensor_DB_TechInsight/techinsights_html_download/html/reports/164_DEF-1405-801.html,/Users/seongcheoljeong/Sensor_DB_TechInsight/techinsights_html_download/html/pdfs/164_DEF-1405-801/Melexis_MLX75411_Device_Essentials_Summary_DEF-1405-801.pdf,/Users/seongcheoljeong/FDTD/sensor_db/generated_stack_configs/def_1405_801_melexis_mlx75411.json,/Users/seongcheoljeong/FDTD/sensor_db/generated_tcad_profiles/def_1405_801_melexis_mlx75411/profile.json
DEF-1405-802,DEF,2014-05-08T00:00:00.000+00:00,2014,Leica,X1000,CMOS Image Sensor,CMOSIS X1000B Full Frame Format CMOS Image Sensor from Leica M Device Essentials Image Set,,cmos_image_sensor,6.0,,,,,,5.6,,,,,,,,,,,,,,,standalone,,,,,,,,,,,,,,,,,,ocl,,,,,,/Users/seongcheoljeong/Sensor_DB_TechInsight/techinsights_html_download/html/reports/165_DEF-1405-802.html,/Users/seongcheoljeong/Sensor_DB_TechInsight/techinsights_html_download/html/pdfs/165_DEF-1405-802/CMOSIS_X1000B_Device_Essentials_Summary_DEF-1405-802.pdf,/Users/seongcheoljeong/FDTD/sensor_db/generated_stack_configs/def_1405_802_leica_x1000.json,/Users/seongcheoljeong/FDTD/sensor_db/generated_tcad_profiles/def_1405_802_leica_x1000/profile.json
DEF-1406-801,DEF,2014-06-03T00:00:00.000+00:00,2014,E2V Technologies,EV76C570,CMOS Image Sensor,E2V Technologies EV76C570ABT-EQT Device Essentials Summary and Image Set,,cmos_image_sensor,4.5,,,,"1/1.8""",,6.0,,,,,,,,,,,,,,,,,,,,,,,,,,,,,,,,,,,,,,,/Users/seongcheoljeong/Sensor_DB_TechInsight/techinsights_html_download/html/reports/163_DEF-1406-801.html,/Users/seongcheoljeong/Sensor_DB_TechInsight/techinsights_html_download/html/pdfs/163_DEF-1406-801/e2v_EV76C570ABT-EQT_Device_Essentials_Summary_DEF-1406-801.pdf,/Users/seongcheoljeong/FDTD/sensor_db/generated_stack_configs/def_1406_801_e2v_technologies_ev76c570.json,/Users/seongcheoljeong/FDTD/sensor_db/generated_tcad_profiles/def_1406_801_e2v_technologies_ev76c570/profile.json
DEF-1407-802,DEF,2014-07-31T00:00:00.000+00:00,2014,OmniVision,OV10635-N29Y-PB,CMOS Image Sensor,OmniVision OV10635 Device Essentials Image Set and Summary,,cmos_image_sensor,4.2,,1200,800,"1/2.7""",,5.5,,,,,,,,,,,,,,,,,,,,,,,,,,,,,,,,,,,,true,,,/Users/seongcheoljeong/Sensor_DB_TechInsight/techinsights_html_download/html/reports/161_DEF-1407-802.html,/Users/seongcheoljeong/Sensor_DB_TechInsight/techinsights_html_download/html/pdfs/161_DEF-1407-802/OV10635_Device_Essentials_Summary_DEF-1407-802.pdf,/Users/seongcheoljeong/FDTD/sensor_db/generated_stack_configs/def_1407_802_omnivision_ov10635_n29y_pb.json,/Users/seongcheoljeong/FDTD/sensor_db/generated_tcad_profiles/def_1407_802_omnivision_ov10635_n29y_pb/profile.json
DEF-1407-803,DEF,2014-07-31T00:00:00.000+00:00,2014,Galaxycore Inc,GC5004,CMOS Image Sensor,GalaxyCore GC5004 Device Essentials Image Set and Summary,,cmos_image_sensor,1.4,,,,,,2.0,,,,,,,,,,,,,,,two_shared,,,,,,,,,,,,,,,,,,,,,,,,/Users/seongcheoljeong/Sensor_DB_TechInsight/techinsights_html_download/html/reports/162_DEF-1407-803.html,/Users/seongcheoljeong/Sensor_DB_TechInsight/techinsights_html_download/html/pdfs/162_DEF-1407-803/GalaxyCore_GC5004_Device_Essentials_Summary_DEF-1407-803.pdf,/Users/seongcheoljeong/FDTD/sensor_db/generated_stack_configs/def_1407_803_galaxycore_inc_gc5004.json,/Users/seongcheoljeong/FDTD/sensor_db/generated_tcad_profiles/def_1407_803_galaxycore_inc_gc5004/profile.json
DEF-1408-801,DEF,2014-08-01T00:00:00.000+00:00,2014,OmniVision,OV5670,CMOS Image Sensor,OV5670 PureCel Device Essentials Image Set and Summary,,cmos_image_sensor,1.4,,,,"1/5""",,,,,,,,,,,,,,,,,four_shared,,,,,,,,,,,,,,,,,,,,,,,,/Users/seongcheoljeong/Sensor_DB_TechInsight/techinsights_html_download/html/reports/160_DEF-1408-801.html,/Users/seongcheoljeong/Sensor_DB_TechInsight/techinsights_html_download/html/pdfs/160_DEF-1408-801/OmniVision_OV5670_Device_Essentials_Summary_DEF-1408-801.pdf,/Users/seongcheoljeong/FDTD/sensor_db/generated_stack_configs/def_1408_801_omnivision_ov5670.json,/Users/seongcheoljeong/FDTD/sensor_db/generated_tcad_profiles/def_1408_801_omnivision_ov5670/profile.json
DEF-1412-801,DEF,2014-12-05T00:00:00.000+00:00,2014,Sony,IMX210AQL,CMOS Image Sensor,Sony IMX210 CIS from Sony Alpha a6000 Device Essentials Image Set and Summary,,cmos_image_sensor,3.9,,,,APS-C,,6.8,,,,,,,,,,,,,,,two_shared,,,,,,,,,,,,,,,,,,,,,,,,/Users/seongcheoljeong/Sensor_DB_TechInsight/techinsights_html_download/html/reports/159_DEF-1412-801.html,/Users/seongcheoljeong/Sensor_DB_TechInsight/techinsights_html_download/html/pdfs/159_DEF-1412-801/Sony_IMX210_CIS_from_a6000_Device_Essentials_Summary_DEF-1412-801.pdf,/Users/seongcheoljeong/FDTD/sensor_db/generated_stack_configs/def_1412_801_sony_imx210aql.json,/Users/seongcheoljeong/FDTD/sensor_db/generated_tcad_profiles/def_1412_801_sony_imx210aql/profile.json
DEF-1503-802,DEF,2015-04-24T00:00:00.000+00:00,2015,SmartSens,SC1035,Image Sensor,SmartSens SC1035 Device Essentials Image Set and Summary,,image_sensor,4.0,,,,"1/2.8""",,4.6,,,,,,,,,,,,,,,standalone,4.0,,,,,,,,,,,,,,,,,,,,,,,/Users/seongcheoljeong/Sensor_DB_TechInsight/techinsights_html_download/html/reports/158_DEF-1503-802.html,/Users/seongcheoljeong/Sensor_DB_TechInsight/techinsights_html_download/html/pdfs/158_DEF-1503-802/SmartSen_SC1035_Device_Essentials_Summary_DEF-1503-802.pdf,/Users/seongcheoljeong/FDTD/sensor_db/generated_stack_configs/def_1503_802_smartsens_sc1035.json,/Users/seongcheoljeong/FDTD/sensor_db/generated_tcad_profiles/def_1503_802_smartsens_sc1035/profile.json
DEF-1506-804,DEF,2015-07-31T00:00:00.000+00:00,2015,E2V Technologies,LINCE5M,CMOS Image Sensor,e2v Technologies LINCE 5M Device Essentials Image Set and Summary,,global_shutter_cis,5.0,,,,,,7.1,,,,,,,,,,,,,,,standalone,,,,global,,,,,,,,,,,,,,,,,,,,/Users/seongcheoljeong/Sensor_DB_TechInsight/techinsights_html_download/html/reports/157_DEF-1506-804.html,/Users/seongcheoljeong/Sensor_DB_TechInsight/techinsights_html_download/html/pdfs/157_DEF-1506-804/e2v_Lince_5M_Device_Essentials_Summary_DEF-1506-804.pdf,/Users/seongcheoljeong/FDTD/sensor_db/generated_stack_configs/def_1506_804_e2v_technologies_lince5m.json,/Users/seongcheoljeong/FDTD/sensor_db/generated_tcad_profiles/def_1506_804_e2v_technologies_lince5m/profile.json
DEF-1511-803,DEF,2015-12-23T00:00:00.000+00:00,2015,Sony,IMX224,CMOS Image Sensor,Sony IMX224 Device Essentials Image Set and Summary,,cmos_image_sensor,3.75,,,,"1/3""",,5.3,,,,,,,,,,,,,,,standalone,5.0,,,,,,,,,,,,,,,,bayer,,,,,,,/Users/seongcheoljeong/Sensor_DB_TechInsight/techinsights_html_download/html/reports/156_DEF-1511-803.html,/Users/seongcheoljeong/Sensor_DB_TechInsight/techinsights_html_download/html/pdfs/156_DEF-1511-803/Sony_IMX224_CMOS_Image_Sensor_for_Industrial_Applications_DEF-1511-803.pdf,/Users/seongcheoljeong/FDTD/sensor_db/generated_stack_configs/def_1511_803_sony_imx224.json,/Users/seongcheoljeong/FDTD/sensor_db/generated_tcad_profiles/def_1511_803_sony_imx224/profile.json
DEF-1602-801,DEF,2016-03-12T00:00:00.000+00:00,2016,Sony,ISX017,SoC (System-on-Chip),Sony ISX017 STARVIS Exmor RS CMOS Image Sensor Device Essentials Image Set and Summary,,cmos_image_sensor,3.5,,,,"1/3.2""",,2.2,,,,,,,,,,,,,,,standalone,,,,,,,,true,full_depth_front_dti,,,,,,,,,gapless_ocl,tin,,,,,/Users/seongcheoljeong/Sensor_DB_TechInsight/techinsights_html_download_devices_a6pf30000000GqhAAE/html/reports/031_DEF-1602-801.html,/Users/seongcheoljeong/Sensor_DB_TechInsight/techinsights_html_download_devices_a6pf30000000GqhAAE/html/pdfs/031_DEF-1602-801/Sony_ISX017_Device_Essentials_Summary_DEF-1602-801.pdf,/Users/seongcheoljeong/FDTD/sensor_db/generated_stack_configs/def_1602_801_sony_isx017.json,/Users/seongcheoljeong/FDTD/sensor_db/generated_tcad_profiles/def_1602_801_sony_isx017/profile.json
DEF-1605-801,DEF,2016-06-03T00:00:00.000+00:00,2016,Nikon,5119,CMOS Image Sensor,Toshiba (Sony) T4K54 CMOS Image Sensor from Nikon D5 Device Essentials Image Set and Summary,,cmos_image_sensor,6.5,,,,,,6.0,,,,,,,,,,,,,,,two_shared,5.0,,front_illuminated,,,,,,,,,,,,,,bayer,gapless_ocl,,,,,,/Users/seongcheoljeong/Sensor_DB_TechInsight/techinsights_html_download/html/reports/155_DEF-1605-801.html,/Users/seongcheoljeong/Sensor_DB_TechInsight/techinsights_html_download/html/pdfs/155_DEF-1605-801/Toshiba_T4K54_from_Nikon_D5_DEF-1605-801.pdf,/Users/seongcheoljeong/FDTD/sensor_db/generated_stack_configs/def_1605_801_nikon_5119.json,/Users/seongcheoljeong/FDTD/sensor_db/generated_tcad_profiles/def_1605_801_nikon_5119/profile.json
DEF-1605-803,DEF,2016-07-12T00:00:00.000+00:00,2016,Sony,IPCX-HC28551080S-POE_Image-Sensor,CMOS Image Sensor,Sony IMX291 STARVIS CMOS Image Sensor Device Essentials Image Set and Summary,,cmos_image_sensor,2.9,,,,"1/2.8""",,2.2,,,,,,,,,,,,,,,standalone,5.0,,,,,,,true,full_depth_front_dti,,,,,,,,bayer,gapless_ocl,tin,,,,,/Users/seongcheoljeong/Sensor_DB_TechInsight/techinsights_html_download/html/reports/154_DEF-1605-803.html,/Users/seongcheoljeong/Sensor_DB_TechInsight/techinsights_html_download/html/pdfs/154_DEF-1605-803/Sony_IMX291LQR_Device_Essentials_Summary_DEF-1605-803.pdf,/Users/seongcheoljeong/FDTD/sensor_db/generated_stack_configs/def_1605_803_sony_ipcx_hc28551080s_poe_image_sensor.json,/Users/seongcheoljeong/FDTD/sensor_db/generated_tcad_profiles/def_1605_803_sony_ipcx_hc28551080s_poe_image_sensor/profile.json
DEF-1606-801,DEF,2016-07-14T00:00:00.000+00:00,2016,Canon,0931C001_Pri-Camera,CMOS Image Sensor,LC1460A CMOS Image Sensor from Canon EOS-1D X Mark II Device Essentials Image Set and Summary,,cmos_image_sensor,6.5,,,,,,8.6,,,,,,,,,,,,,,,dual_pixel,,,,,,,,,,,,,,,,,bayer,,,,,,true,/Users/seongcheoljeong/Sensor_DB_TechInsight/techinsights_html_download/html/reports/153_DEF-1606-801.html,/Users/seongcheoljeong/Sensor_DB_TechInsight/techinsights_html_download/html/pdfs/153_DEF-1606-801/Canon_LC1460A_from_EOS-1DX-MarkII_Device_Essentials_Summary_DEF-1606-801.pdf,/Users/seongcheoljeong/FDTD/sensor_db/generated_stack_configs/def_1606_801_canon_0931c001_pri_camera.json,/Users/seongcheoljeong/FDTD/sensor_db/generated_tcad_profiles/def_1606_801_canon_0931c001_pri_camera/profile.json
DEF-1609-802,DEF,2016-11-12T00:00:00.000+00:00,2016,Nikon,IMX321AQJ,CMOS Image Sensor,Sony IMX321 CMOS Image Sensor from Nikon D500 Device Essentials Image Set and Summary,,cmos_image_sensor,4.2,,,,APS-C,,6.5,,,,,,,,,,,,,,,two_shared,5.0,,,,,,,,,,,,,,,,bayer,gapless_ocl,,,,,,/Users/seongcheoljeong/Sensor_DB_TechInsight/techinsights_html_download/html/reports/152_DEF-1609-802.html,/Users/seongcheoljeong/Sensor_DB_TechInsight/techinsights_html_download/html/pdfs/152_DEF-1609-802/Sony_IMX321AQJ_from_Nikon_D500_DEF-1609-802.pdf,/Users/seongcheoljeong/FDTD/sensor_db/generated_stack_configs/def_1609_802_nikon_imx321aqj.json,/Users/seongcheoljeong/FDTD/sensor_db/generated_tcad_profiles/def_1609_802_nikon_imx321aqj/profile.json
DEF-1703-802,DEF,2017-04-12T00:00:00.000+00:00,2017,Sony,IMX270,CMOS Image Sensor,Sony IMX270 from Olympus OM-D E-M1 Mark II Device Essentials Image Set and Summary,,cmos_image_sensor,3.3,,,,,,6.2,,,,,,,,,,,,,,,two_shared,3.0,,front_illuminated,,,,,,,,,,,,,,bayer,,tin,,,,,/Users/seongcheoljeong/Sensor_DB_TechInsight/techinsights_html_download/html/reports/151_DEF-1703-802.html,/Users/seongcheoljeong/Sensor_DB_TechInsight/techinsights_html_download/html/pdfs/151_DEF-1703-802/Sony_IMX270_Olympus_OM-D_E-M1_Mark_II_MILC_DEF-1703-802.pdf,/Users/seongcheoljeong/FDTD/sensor_db/generated_stack_configs/def_1703_802_sony_imx270.json,/Users/seongcheoljeong/FDTD/sensor_db/generated_tcad_profiles/def_1703_802_sony_imx270/profile.json
DEF-1705-802,DEF,2017-06-21T00:00:00.000+00:00,2017,Sony,IMX274,CMOS Image Sensor,Sony IMX274 Back-Illuminated STARVIS CMOS Image Sensor Device Essentials Image Set and Summary,,cmos_image_sensor,1.62,,,,"1/2.5""",,2.1,,,,,,,,,,,,,,,four_shared,75.0,,back_illuminated,,,,,true,full_depth_front_dti,2.2,,,,,,,bayer,gapless_ocl,w,,,,,/Users/seongcheoljeong/Sensor_DB_TechInsight/techinsights_html_download/html/reports/150_DEF-1705-802.html,/Users/seongcheoljeong/Sensor_DB_TechInsight/techinsights_html_download/html/pdfs/150_DEF-1705-802/Sony_IMX274LQC_Device_Essentials_Summary_DEF-1705-802.pdf,/Users/seongcheoljeong/FDTD/sensor_db/generated_stack_configs/def_1705_802_sony_imx274.json,/Users/seongcheoljeong/FDTD/sensor_db/generated_tcad_profiles/def_1705_802_sony_imx274/profile.json
DEF-1707-802,DEF,2017-08-29T00:00:00.000+00:00,2017,Unknown,Sony A9 Image Sensor,Image Sensor,Sony IMX310 from Alpha ?9 (ILCE-9) Image Sensor Device Essentials Image Set and Summary,,image_sensor,5.95,,,,,,8.5,,,,,,,,,,,,,,,two_shared,5.5,,back_illuminated,,,true,,true,full_depth_front_dti,,,,,,,,bayer,gapless_ocl,tin,,,,true,/Users/seongcheoljeong/Sensor_DB_TechInsight/techinsights_html_download/html/reports/149_DEF-1707-802.html,/Users/seongcheoljeong/Sensor_DB_TechInsight/techinsights_html_download/html/pdfs/149_DEF-1707-802/Sony_IMX310_Device_Essentials_Summary_DEF-1707-802.pdf,/Users/seongcheoljeong/FDTD/sensor_db/generated_stack_configs/def_1707_802_unknown_sony_a9_image_sensor.json,/Users/seongcheoljeong/FDTD/sensor_db/generated_tcad_profiles/def_1707_802_unknown_sony_a9_image_sensor/profile.json
DEF-1707-803,DEF,2017-12-20T00:00:00.000+00:00,2017,Fujitsu,F-04G_Biometric,Sensor,Sony Iris Scanner from the Fujitsu Arrows NX  Device Essentials Image Sensor Image Set and Summary,,image_sensor,1.12,,,,,,1.8,,,,,,,,,,,,,,,eight_shared,1.375,,,,,,,,,,,,,,,,bayer,gapless_ocl,w,,,,,/Users/seongcheoljeong/Sensor_DB_TechInsight/techinsights_html_download_missing_def_a6pf30000000GqhAAE/html/reports/085_DEF-1707-803.html,/Users/seongcheoljeong/Sensor_DB_TechInsight/techinsights_html_download_missing_def_a6pf30000000GqhAAE/html/pdfs/085_DEF-1707-803/Sony_CIS_IRIS_Scanner_DEF-1707-803.pdf,/Users/seongcheoljeong/FDTD/sensor_db/generated_stack_configs/def_1707_803_fujitsu_f_04g_biometric.json,/Users/seongcheoljeong/FDTD/sensor_db/generated_tcad_profiles/def_1707_803_fujitsu_f_04g_biometric/profile.json
DEF-1708-803,DEF,2017-12-20T00:00:00.000+00:00,2017,OmniVision,OV4688,CMOS Image Sensor,OmniVision OV4688 Device Essentials Image Set and Summary,,cmos_image_sensor,2.0,,,,"1/3""",,2.2,,,,,,,,,,,,,,,two_shared,,,,,,,,,,,,,,,,,bayer,gapless_ocl,tin,,,,,/Users/seongcheoljeong/Sensor_DB_TechInsight/techinsights_html_download/html/reports/146_DEF-1708-803.html,/Users/seongcheoljeong/Sensor_DB_TechInsight/techinsights_html_download/html/pdfs/146_DEF-1708-803/OmniVision_OV4688_Device_Essentials_Summary_DEF-1708-803.pdf,/Users/seongcheoljeong/FDTD/sensor_db/generated_stack_configs/def_1708_803_omnivision_ov4688.json,/Users/seongcheoljeong/FDTD/sensor_db/generated_tcad_profiles/def_1708_803_omnivision_ov4688/profile.json
DEF-1708-804,DEF,2017-11-13T00:00:00.000+00:00,2017,OmniVision,OS05A10,Evaluation Kit,OmniVision OS05A10 CMOS Image Sensor Device Essentials Image Set and Summary,,cmos_image_sensor,2.0,,,,"1/2.7""",,2.5,,,,,,,,,,,,,,,two_shared,,,,,,,,,,,,,,,,,bayer,gapless_ocl,tin,,,,,/Users/seongcheoljeong/Sensor_DB_TechInsight/techinsights_html_download_missing_def_a6pf30000000GqhAAE/html/reports/092_DEF-1708-804.html,/Users/seongcheoljeong/Sensor_DB_TechInsight/techinsights_html_download_missing_def_a6pf30000000GqhAAE/html/pdfs/092_DEF-1708-804/OmniVision_OS05A10_PureCel_CIS_DEF-1708-804.pdf,/Users/seongcheoljeong/FDTD/sensor_db/generated_stack_configs/def_1708_804_omnivision_os05a10.json,/Users/seongcheoljeong/FDTD/sensor_db/generated_tcad_profiles/def_1708_804_omnivision_os05a10/profile.json
DEF-1708-805,DEF,2017-11-13T00:00:00.000+00:00,2017,Aptina,522487,Image Sensor,ON Semiconductor AR0231 (Aptina APT-522487)  CIS Device Essentials Image Set and Summary,,cmos_image_sensor,3.0,,,,"1/2.7""",,2.4,,,,,,,,,,,,,,,two_shared,4.0,,back_illuminated,,,,,,,,,,,,,,,,tin,,,,,/Users/seongcheoljeong/Sensor_DB_TechInsight/techinsights_html_download/html/reports/148_DEF-1708-805.html,/Users/seongcheoljeong/Sensor_DB_TechInsight/techinsights_html_download/html/pdfs/148_DEF-1708-805/ON_Semiconductor_AR0231_DEF-1708-805.pdf,/Users/seongcheoljeong/FDTD/sensor_db/generated_stack_configs/def_1708_805_aptina_522487.json,/Users/seongcheoljeong/FDTD/sensor_db/generated_tcad_profiles/def_1708_805_aptina_522487/profile.json
DEF-1710-801,DEF,2017-12-20T00:00:00.000+00:00,2017,SmartSens,CMOS Image Sensor,CMOS Image Sensor,SmartSens SC5035 Device Essentials Image Set and Summary,,cmos_image_sensor,2.0,,,,"1/2.7""",,3.0,,,,,,,,,,,,,,,two_shared,,,back_illuminated,,,,,true,partial_depth_back_dti,,,,,,,,bayer,gapless_ocl,tin,,,,,/Users/seongcheoljeong/Sensor_DB_TechInsight/techinsights_html_download/html/reports/147_DEF-1710-801.html,/Users/seongcheoljeong/Sensor_DB_TechInsight/techinsights_html_download/html/pdfs/147_DEF-1710-801/SmartSens_SC5035_Device_Essentials_DEF-1710-801.pdf,/Users/seongcheoljeong/FDTD/sensor_db/generated_stack_configs/def_1710_801_smartsens_cmos_image_sensor.json,/Users/seongcheoljeong/FDTD/sensor_db/generated_tcad_profiles/def_1710_801_smartsens_cmos_image_sensor/profile.json
DEF-1712-801,DEF,2018-02-02T00:00:00.000+00:00,2018,Sony,IMX309AQJ,CMOS Image Sensor,Sony IMX309AQJ Device Essentials Image Set and Summary,,cmos_image_sensor,4.4,,,,,,7.1,,,,,,,,,,,,,,,two_shared,4.0,,back_illuminated,,,,,true,full_depth_front_dti,,,,,,,,bayer,,w,,,,,/Users/seongcheoljeong/Sensor_DB_TechInsight/techinsights_html_download/html/reports/145_DEF-1712-801.html,/Users/seongcheoljeong/Sensor_DB_TechInsight/techinsights_html_download/html/pdfs/145_DEF-1712-801/Sony_IMX309AQJ_DEF-1712-801.pdf,/Users/seongcheoljeong/FDTD/sensor_db/generated_stack_configs/def_1712_801_sony_imx309aqj.json,/Users/seongcheoljeong/FDTD/sensor_db/generated_tcad_profiles/def_1712_801_sony_imx309aqj/profile.json
DEF-1801-801,DEF,2018-02-23T00:00:00.000+00:00,2018,OmniVision,OVM6946-RAJA,Image Sensor,OmniVision OVM6946-RAJA Device Essentials Image Set and Summary,,image_sensor,1.75,,400,400,"1/18""",,1.3,,,,,,,,,,,,,,,two_shared,,,back_illuminated,,,true,,,,,,,,,,,bayer,,,,,,,/Users/seongcheoljeong/Sensor_DB_TechInsight/techinsights_html_download/html/reports/143_DEF-1801-801.html,/Users/seongcheoljeong/Sensor_DB_TechInsight/techinsights_html_download/html/pdfs/143_DEF-1801-801/OmniVision_OVM6946-RAJA_DEF-1801-801.pdf,/Users/seongcheoljeong/FDTD/sensor_db/generated_stack_configs/def_1801_801_omnivision_ovm6946_raja.json,/Users/seongcheoljeong/FDTD/sensor_db/generated_tcad_profiles/def_1801_801_omnivision_ovm6946_raja/profile.json
DEF-1801-802,DEF,2018-02-23T00:00:00.000+00:00,2018,Aptina,510689,Image Sensor,ON Semiconductor AR1337 (Aptina APT-510689) CIS Device Essentials Image Set and Summary,,cmos_image_sensor,1.1,,,,"1/3.2""",,1.5,,,,,,,,,,,,,,,two_shared,2.0,,,,,,,,,,,,,,,,bayer,gapless_ocl,tin,,,,true,/Users/seongcheoljeong/Sensor_DB_TechInsight/techinsights_html_download/html/reports/144_DEF-1801-802.html,/Users/seongcheoljeong/Sensor_DB_TechInsight/techinsights_html_download/html/pdfs/144_DEF-1801-802/ON_Semiconductor_AR1337_DEF-1801-802.pdf,/Users/seongcheoljeong/FDTD/sensor_db/generated_stack_configs/def_1801_802_aptina_510689.json,/Users/seongcheoljeong/FDTD/sensor_db/generated_tcad_profiles/def_1801_802_aptina_510689/profile.json
DEF-1802-801,DEF,2018-03-21T00:00:00.000+00:00,2018,ON Semi,AR0144CSSC00SUKAH3-GEVB,Evaluation Kit,ON Semiconductor AR0144 Global Shutter CMOS Image Sensor Device Essentials Folder,,global_shutter_cis,3.0,,,,"1/4""",,6.6,,,,,,,,,,,,,,,two_shared,4.5,,front_illuminated,global,,,,,,,,,,,,,bayer,gapless_ocl,w,,,,,/Users/seongcheoljeong/Sensor_DB_TechInsight/techinsights_html_download_missing_def_a6pf30000000GqhAAE/html/reports/078_DEF-1802-801.html,/Users/seongcheoljeong/Sensor_DB_TechInsight/techinsights_html_download_missing_def_a6pf30000000GqhAAE/html/pdfs/078_DEF-1802-801/ON_Semiconductor_AR0144_DEF-1802-801.pdf,/Users/seongcheoljeong/FDTD/sensor_db/generated_stack_configs/def_1802_801_on_semi_ar0144cssc00sukah3_gevb.json,/Users/seongcheoljeong/FDTD/sensor_db/generated_tcad_profiles/def_1802_801_on_semi_ar0144cssc00sukah3_gevb/profile.json
DEF-1802-802,DEF,2018-04-05T00:00:00.000+00:00,2018,Sony,IMX299CJK,CMOS Image Sensor,Sony IMX299CJK CIS from Panasonic LUMIX G DC-GH5S Digital Single Lens Mirrorless Camera Device Essentials Folder,,cmos_image_sensor,2.4,,,,,,2.1,,,,,,,,,,,,,,,quad_pixel,2.0,,back_illuminated,,,,,true,full_depth_front_dti,,,,,,,,quad_bayer,gapless_ocl,tin,,,,,/Users/seongcheoljeong/Sensor_DB_TechInsight/techinsights_html_download/html/reports/142_DEF-1802-802.html,/Users/seongcheoljeong/Sensor_DB_TechInsight/techinsights_html_download/html/pdfs/142_DEF-1802-802/Sony_IMX299CJK_Device_Essentials_DEF-1802-802.pdf,/Users/seongcheoljeong/FDTD/sensor_db/generated_stack_configs/def_1802_802_sony_imx299cjk.json,/Users/seongcheoljeong/FDTD/sensor_db/generated_tcad_profiles/def_1802_802_sony_imx299cjk/profile.json
DEF-1803-805,DEF,2018-05-11T00:00:00.000+00:00,2018,Sony,IMX390E07,Image Sensor,Sony IMX390 CIS with LFM and HDR for Automotive Applications Device Essentials Folder,,cmos_image_sensor,3.0,,,,"1/2.7""",,2.8,,,,,,,,,,,,,,,,5.0,,back_illuminated,,,,,true,full_depth_front_dti,,,,,,,,bayer,gapless_ocl,tin,,true,,,/Users/seongcheoljeong/Sensor_DB_TechInsight/techinsights_html_download/html/reports/141_DEF-1803-805.html,/Users/seongcheoljeong/Sensor_DB_TechInsight/techinsights_html_download/html/pdfs/141_DEF-1803-805/Sony_IMX390_DEF-1803-805.pdf,/Users/seongcheoljeong/FDTD/sensor_db/generated_stack_configs/def_1803_805_sony_imx390e07.json,/Users/seongcheoljeong/FDTD/sensor_db/generated_tcad_profiles/def_1803_805_sony_imx390e07/profile.json
DEF-1804-803,DEF,2018-06-20T00:00:00.000+00:00,2018,Sony,IMX324,CMOS Image Sensor,Sony IMX324 CIS for Automotive Applications Device Essentials Folder,,cmos_image_sensor,2.25,,,,"1/1.7""",,2.8,,,,,,,,,,,,,,,two_shared,5.0,,back_illuminated,,,true,,true,full_depth_front_dti,,,,,,,,,gapless_ocl,w,,,,,/Users/seongcheoljeong/Sensor_DB_TechInsight/techinsights_html_download/html/reports/140_DEF-1804-803.html,/Users/seongcheoljeong/Sensor_DB_TechInsight/techinsights_html_download/html/pdfs/140_DEF-1804-803/Sony_IMX324_DEF-1804-803.pdf,/Users/seongcheoljeong/FDTD/sensor_db/generated_stack_configs/def_1804_803_sony_imx324.json,/Users/seongcheoljeong/FDTD/sensor_db/generated_tcad_profiles/def_1804_803_sony_imx324/profile.json
DEF-1805-801,DEF,2018-07-19T00:00:00.000+00:00,2018,SmartSens,SC130GS,CMOS Image Sensor,SmartSens SC130GS Global Shutter CIS Device Essentials Folder,,global_shutter_cis,4.0,,,,"1/2.7""",1.9,5.6,,,,,,,,,,,,,,,standalone,9.0,,back_illuminated,global,,,,,,,,,,,,,bayer,,tin,,,,,/Users/seongcheoljeong/Sensor_DB_TechInsight/techinsights_html_download/html/reports/139_DEF-1805-801.html,/Users/seongcheoljeong/Sensor_DB_TechInsight/techinsights_html_download/html/pdfs/139_DEF-1805-801/SmartSens_SC130GS_DEF-1805-801.pdf,/Users/seongcheoljeong/FDTD/sensor_db/generated_stack_configs/def_1805_801_smartsens_sc130gs.json,/Users/seongcheoljeong/FDTD/sensor_db/generated_tcad_profiles/def_1805_801_smartsens_sc130gs/profile.json
DEF-1805-803,DEF,2018-08-23T00:00:00.000+00:00,2018,ON Semi,AS0140,CMOS Image Sensor,ON Semiconductor AS0140AT CIS Device Essentials Folder,,cmos_image_sensor,3.0,,,,"1/4""",,6.0,,,,,,,,,,,,,,,two_shared,3.0,,front_illuminated,,,,,,,,,,,,,,bayer,gapless_ocl,tin,,,,,/Users/seongcheoljeong/Sensor_DB_TechInsight/techinsights_html_download/html/reports/135_DEF-1805-803.html,/Users/seongcheoljeong/Sensor_DB_TechInsight/techinsights_html_download/html/pdfs/135_DEF-1805-803/ON_Semiconductor_AS0140AT_DEF-1805-803.pdf,/Users/seongcheoljeong/FDTD/sensor_db/generated_stack_configs/def_1805_803_on_semi_as0140.json,/Users/seongcheoljeong/FDTD/sensor_db/generated_tcad_profiles/def_1805_803_on_semi_as0140/profile.json
DEF-1806-801,DEF,2018-07-25T00:00:00.000+00:00,2018,ON Semi,AR0430,CMOS Image Sensor,ON Semiconductor AR0430 Device Essentials Folder,,cmos_image_sensor,2.0,,,,"1/3""",2.4,1.9,,,,,,,,,,,,,,,two_shared,6.0,,back_illuminated,,,,,true,back_dti,,,,,,,,bayer,gapless_ocl,tin,,,,,/Users/seongcheoljeong/Sensor_DB_TechInsight/techinsights_html_download/html/reports/138_DEF-1806-801.html,/Users/seongcheoljeong/Sensor_DB_TechInsight/techinsights_html_download/html/pdfs/138_DEF-1806-801/ON_Semiconductor_AR0430_DEF-1806-801.pdf,/Users/seongcheoljeong/FDTD/sensor_db/generated_stack_configs/def_1806_801_on_semi_ar0430.json,/Users/seongcheoljeong/FDTD/sensor_db/generated_tcad_profiles/def_1806_801_on_semi_ar0430/profile.json
DEF-1806-802,DEF,2018-08-22T00:00:00.000+00:00,2018,Sony,IMX410,CMOS Image Sensor,Sony IMX410 CIS from Sony A7 III Lens Camera Device Essentials Folder,,cmos_image_sensor,6.0,,,,,,8.5,,,,,,,,,,,,,,,two_shared,5.5,,back_illuminated,,,,,true,full_depth_front_dti,,,,,,,,bayer,gapless_ocl,w,,,,,/Users/seongcheoljeong/Sensor_DB_TechInsight/techinsights_html_download/html/reports/136_DEF-1806-802.html,/Users/seongcheoljeong/Sensor_DB_TechInsight/techinsights_html_download/html/pdfs/136_DEF-1806-802/Sony_IMX410_DEF-1806-802.pdf,/Users/seongcheoljeong/FDTD/sensor_db/generated_stack_configs/def_1806_802_sony_imx410.json,/Users/seongcheoljeong/FDTD/sensor_db/generated_tcad_profiles/def_1806_802_sony_imx410/profile.json
DEF-1807-801,DEF,2018-09-12T00:00:00.000+00:00,2018,Sony,IMX307LQD-C,Image Sensors,Sony IMX307 STARVIS CMOS Image Sensor Device Essentials Folder,,cmos_image_sensor,2.9,,,,"1/2.8""",2.8,2.4,,,,,,,,,,,,,,,standalone,5.0,,back_illuminated,,,,,true,full_depth_front_dti,,,,,,,,bayer,gapless_ocl,w,,,,,/Users/seongcheoljeong/Sensor_DB_TechInsight/techinsights_html_download/html/reports/134_DEF-1807-801.html,/Users/seongcheoljeong/Sensor_DB_TechInsight/techinsights_html_download/html/pdfs/134_DEF-1807-801/Sony_IMX307_STARVIS_CIS_DEF-1807-801.pdf,/Users/seongcheoljeong/FDTD/sensor_db/generated_stack_configs/def_1807_801_sony_imx307lqd_c.json,/Users/seongcheoljeong/FDTD/sensor_db/generated_tcad_profiles/def_1807_801_sony_imx307lqd_c/profile.json
DEF-1807-802,DEF,2018-09-17T00:00:00.000+00:00,2018,ON Semi,AR0522,CMOS Image Sensor,ON Semiconductor AR0521 Device Essentials Folder,,cmos_image_sensor,2.2,,,,,2.5,1.5,,,,,,,,,,,,,,,two_shared,2.0,,back_illuminated,,,,,,,,,,,,,,bayer,gapless_ocl,tin,,,,,/Users/seongcheoljeong/Sensor_DB_TechInsight/techinsights_html_download/html/reports/133_DEF-1807-802.html,/Users/seongcheoljeong/Sensor_DB_TechInsight/techinsights_html_download/html/pdfs/133_DEF-1807-802/ON_Semiconductor_AR0521_DEF-1807-802.pdf,/Users/seongcheoljeong/FDTD/sensor_db/generated_stack_configs/def_1807_802_on_semi_ar0522.json,/Users/seongcheoljeong/FDTD/sensor_db/generated_tcad_profiles/def_1807_802_on_semi_ar0522/profile.json
DEF-1809-801,DEF,2018-10-31T00:00:00.000+00:00,2018,Samsung,S5K2P7,CMOS Image Sensor,Samsung S5K2P7SQ CMOS Image Sensor Device Essentials Folder Report,,cmos_image_sensor,1.12,,,,"1/2.8""",2.7,1.9,,,,,,,,,,,,,,,four_shared,1.75,,back_illuminated,,,,,true,full_depth_front_dti,1.9,,,,,,,bayer,gapless_ocl,w,,,,true,/Users/seongcheoljeong/Sensor_DB_TechInsight/techinsights_html_download/html/reports/132_DEF-1809-801.html,/Users/seongcheoljeong/Sensor_DB_TechInsight/techinsights_html_download/html/pdfs/132_DEF-1809-801/Samsung_S5K2P7SQ_CIS_DEF-1809-801.pdf,/Users/seongcheoljeong/FDTD/sensor_db/generated_stack_configs/def_1809_801_samsung_s5k2p7.json,/Users/seongcheoljeong/FDTD/sensor_db/generated_tcad_profiles/def_1809_801_samsung_s5k2p7/profile.json
DEF-1809-802,DEF,2018-11-01T00:00:00.000+00:00,2018,Sony,IMX250MZR,CMOS Image Sensor,Sony IMX250MZR Global Shutter CIS Device Essentials Folder,,global_shutter_cis,3.45,,,,"2/3""",,6.7,,,,,,,,,,,,,,,two_shared,5.0,,back_illuminated,global,,,,,,,,,,,,,monochrome,gapless_ocl,tin,,,,,/Users/seongcheoljeong/Sensor_DB_TechInsight/techinsights_html_download/html/reports/131_DEF-1809-802.html,/Users/seongcheoljeong/Sensor_DB_TechInsight/techinsights_html_download/html/pdfs/131_DEF-1809-802/Sony_IMX250MZR_DEF-1809-802.pdf,/Users/seongcheoljeong/FDTD/sensor_db/generated_stack_configs/def_1809_802_sony_imx250mzr.json,/Users/seongcheoljeong/FDTD/sensor_db/generated_tcad_profiles/def_1809_802_sony_imx250mzr/profile.json
DEF-1809-803,DEF,2018-12-07T00:00:00.000+00:00,2018,OmniVision,OV2775_CIS,CMOS Image Sensor,OmniVision OV2775 CIS for Automotive Applications Device Essentials Folder,,cmos_image_sensor,2.8,,,,"1/2.9""",,3.5,,,,,,,,,,,,,,,standalone,,,back_illuminated,,,,,,,,,,,,,,bayer,gapless_ocl,w,,true,,,/Users/seongcheoljeong/Sensor_DB_TechInsight/techinsights_html_download/html/reports/128_DEF-1809-803.html,/Users/seongcheoljeong/Sensor_DB_TechInsight/techinsights_html_download/html/pdfs/128_DEF-1809-803/Omnivision_OV2775_DEF-1809-803.pdf,/Users/seongcheoljeong/FDTD/sensor_db/generated_stack_configs/def_1809_803_omnivision_ov2775_cis.json,/Users/seongcheoljeong/FDTD/sensor_db/generated_tcad_profiles/def_1809_803_omnivision_ov2775_cis/profile.json
DEF-1810-801,DEF,2018-11-19T00:00:00.000+00:00,2018,OmniVision,OS05A20,CMOS Image Sensor,OmniVision OS05A20 (OMN-OSE523) Device Essentials Folder,,nir_cis,2.0,,,,"1/2.7""",3.6,2.5,,,,,,,,,,,,,,,two_shared,,,back_illuminated,,,,,true,back_dti,2.6,,,,,,,bayer,gapless_ocl,tin,,true,,,/Users/seongcheoljeong/Sensor_DB_TechInsight/techinsights_html_download/html/reports/130_DEF-1810-801.html,/Users/seongcheoljeong/Sensor_DB_TechInsight/techinsights_html_download/html/pdfs/130_DEF-1810-801/OmniVision_OS05A20_DEF-1810-801.pdf,/Users/seongcheoljeong/FDTD/sensor_db/generated_stack_configs/def_1810_801_omnivision_os05a20.json,/Users/seongcheoljeong/FDTD/sensor_db/generated_tcad_profiles/def_1810_801_omnivision_os05a20/profile.json
DEF-1810-802,DEF,2018-11-30T00:00:00.000+00:00,2018,Canon,LC1510_CIS,CMOS Image Sensor,Canon LC1510 from the EOS R Mirrorless Digital Camera Device Essentials Folder,,cmos_image_sensor,5.4,,,,,,7.8,,,,,,,,,,,,,,,dual_pixel,,,front_illuminated,,,,,,,,,,,,,,bayer,gapless_ocl,tin,,,,,/Users/seongcheoljeong/Sensor_DB_TechInsight/techinsights_html_download/html/reports/129_DEF-1810-802.html,/Users/seongcheoljeong/Sensor_DB_TechInsight/techinsights_html_download/html/pdfs/129_DEF-1810-802/Canon_LC1510_CIS_DEF-1810-802.pdf,/Users/seongcheoljeong/FDTD/sensor_db/generated_stack_configs/def_1810_802_canon_lc1510_cis.json,/Users/seongcheoljeong/FDTD/sensor_db/generated_tcad_profiles/def_1810_802_canon_lc1510_cis/profile.json
DEF-1811-801,DEF,2019-01-31T00:00:00.000+00:00,2019,OmniVision,OV10650,CMOS Image Sensor,OmniVision OV10650 CIS for Automotive Imaging Applications Device Essentials Folder,,cmos_image_sensor,4.2,,,,"1/2.09""",2.0,3.0,,,,,,,,,,,,,,,two_shared,3.0,,back_illuminated,,,,,,,,,,,,,,,,tin,,true,,,/Users/seongcheoljeong/Sensor_DB_TechInsight/techinsights_html_download/html/reports/126_DEF-1811-801.html,/Users/seongcheoljeong/Sensor_DB_TechInsight/techinsights_html_download/html/pdfs/126_DEF-1811-801/OmniVision_OV10650_DEF-1811-801.pdf,/Users/seongcheoljeong/FDTD/sensor_db/generated_stack_configs/def_1811_801_omnivision_ov10650.json,/Users/seongcheoljeong/FDTD/sensor_db/generated_tcad_profiles/def_1811_801_omnivision_ov10650/profile.json
DEF-1811-802,DEF,2019-01-07T00:00:00.000+00:00,2019,Sony,IMX309BQJ,CMOS Image Sensor,Sony IMX309BQJ from Nikon Z7 Mirrorless Camera Device Essentials Folder,,cmos_image_sensor,4.4,,,,,2.7,6.5,,,,,,,,,,,,,,,two_shared,4.0,,back_illuminated,,,,,true,full_depth_front_dti,,,,,,,,bayer,gapless_ocl,w,,,,true,/Users/seongcheoljeong/Sensor_DB_TechInsight/techinsights_html_download/html/reports/127_DEF-1811-802.html,/Users/seongcheoljeong/Sensor_DB_TechInsight/techinsights_html_download/html/pdfs/127_DEF-1811-802/Sony_IMX309BQJ_DEF-1811-802.pdf,/Users/seongcheoljeong/FDTD/sensor_db/generated_stack_configs/def_1811_802_sony_imx309bqj.json,/Users/seongcheoljeong/FDTD/sensor_db/generated_tcad_profiles/def_1811_802_sony_imx309bqj/profile.json
DEF-1901-801,DEF,2019-02-11T00:00:00.000+00:00,2019,ON Semi,AR0237 RGB-IR,Image Sensors,On Semiconductor AR0237 RGB-IR Device Essentials Folder,,image_sensor,3.0,,,,"1/2.7""",,6.0,,,,,,,,,,,,,,,two_shared,3.0,,front_illuminated,,,,,,,,,,,,,,,,,,,,,/Users/seongcheoljeong/Sensor_DB_TechInsight/techinsights_html_download/html/reports/124_DEF-1901-801.html,/Users/seongcheoljeong/Sensor_DB_TechInsight/techinsights_html_download/html/pdfs/124_DEF-1901-801/ON_Semiconductor_AR0237_RGB-IR_DEF-1901-801.pdf,/Users/seongcheoljeong/FDTD/sensor_db/generated_stack_configs/def_1901_801_on_semi_ar0237_rgb_ir.json,/Users/seongcheoljeong/FDTD/sensor_db/generated_tcad_profiles/def_1901_801_on_semi_ar0237_rgb_ir/profile.json
DEF-1901-803,DEF,2019-03-06T00:00:00.000+00:00,2019,Sony,PCT-AL10_Dual-Rear-Cam1_ISP,Image Processor,Sony IMX586 Device Essentials Folder,,cmos_image_sensor,0.8,,,,"1/2""",3.6,1.5,,,,,,,,,,,,,,,quad_pixel,5.0,,back_illuminated,,,,true,true,full_depth_front_dti,,,,,,,,quad_bayer,gapless_ocl,tin,,,,true,/Users/seongcheoljeong/Sensor_DB_TechInsight/techinsights_html_download_devices_a6pf30000000GqhAAE/html/reports/028_DEF-1901-803.html,/Users/seongcheoljeong/Sensor_DB_TechInsight/techinsights_html_download_devices_a6pf30000000GqhAAE/html/pdfs/028_DEF-1901-803/Sony_IMX586_Dual-Rear-Cam1_DEF-1901-803.pdf,/Users/seongcheoljeong/FDTD/sensor_db/generated_stack_configs/def_1901_803_sony_pct_al10_dual_rear_cam1_isp.json,/Users/seongcheoljeong/FDTD/sensor_db/generated_tcad_profiles/def_1901_803_sony_pct_al10_dual_rear_cam1_isp/profile.json
DEF-1901-804,DEF,2019-02-25T00:00:00.000+00:00,2019,Samsung,S5KGM1,CMOS Image Sensor,Samsung S5KGM1SP  Device Essentials Folder,,cmos_image_sensor,0.8,,,,"1/2""",3.7,1.2,,,,,,,,,,,,,,,four_shared,75.0,,back_illuminated,,vertical_transfer_gate,,,true,full_depth_front_dti,,,,,polysilicon,,,tetracell_bayer,gapless_ocl,tin,,,,,/Users/seongcheoljeong/Sensor_DB_TechInsight/techinsights_html_download/html/reports/123_DEF-1901-804.html,/Users/seongcheoljeong/Sensor_DB_TechInsight/techinsights_html_download/html/pdfs/123_DEF-1901-804/Samsung_S5KGM1SP_DEF-1901-804.pdf,/Users/seongcheoljeong/FDTD/sensor_db/generated_stack_configs/def_1901_804_samsung_s5kgm1.json,/Users/seongcheoljeong/FDTD/sensor_db/generated_tcad_profiles/def_1901_804_samsung_s5kgm1/profile.json
DEF-1902-801,DEF,2019-04-05T00:00:00.000+00:00,2019,ON Semi,AR0233AT1B00XUEA0-DRBR-E,CMOS Image Sensor,On Semiconductor AR0233AT Device Essentials Folder,,cmos_image_sensor,3.0,,,,"1/2.5""",,1.7,,,,1.5,3.0,,,,,,,,,,,12.0,,back_illuminated,,,,,,,,,,,,,,,gapless_ocl,tin,,true,,,/Users/seongcheoljeong/Sensor_DB_TechInsight/techinsights_html_download/html/reports/122_DEF-1902-801.html,/Users/seongcheoljeong/Sensor_DB_TechInsight/techinsights_html_download/html/pdfs/122_DEF-1902-801/ON_Semiconductor_AR0233AT_DEF-1902-801.pdf,/Users/seongcheoljeong/FDTD/sensor_db/generated_stack_configs/def_1902_801_on_semi_ar0233at1b00xuea0_drbr_e.json,/Users/seongcheoljeong/FDTD/sensor_db/generated_tcad_profiles/def_1902_801_on_semi_ar0233at1b00xuea0_drbr_e/profile.json
DEF-1902-803,DEF,2019-04-22T00:00:00.000+00:00,2019,GPixel Inc,GMAX0505-BM,CMOS Image Sensor,GPixel GMAX0505 Monochrome Global Shutter CIS Device Essentials Folder,,global_shutter_cis,2.5,,,,"1""",,3.8,,,,,,,,,,,,,,,two_shared,,,front_illuminated,global,,,,,,,,,,,,,monochrome,gapless_ocl,tin,,,,,/Users/seongcheoljeong/Sensor_DB_TechInsight/techinsights_html_download/html/reports/121_DEF-1902-803.html,/Users/seongcheoljeong/Sensor_DB_TechInsight/techinsights_html_download/html/pdfs/121_DEF-1902-803/Gpixel_GMAX0505_Monochrome_Global_Shutter_CIS_DEF-1902-803.pdf,/Users/seongcheoljeong/FDTD/sensor_db/generated_stack_configs/def_1902_803_gpixel_inc_gmax0505_bm.json,/Users/seongcheoljeong/FDTD/sensor_db/generated_tcad_profiles/def_1902_803_gpixel_inc_gmax0505_bm/profile.json
DEF-1904-801,DEF,2019-05-13T00:00:00.000+00:00,2019,Sony,VOG-L29_Triple-Rear-Cam2-ISP,Image Processor,Sony IMX650 Stacked Back-Illuminated CIS from Huawei P30 Pro 40 MP Camera Module Device Essentials Folder,,cmos_image_sensor,1.0,40.0,,,"1/1.7""",3.1,1.6,,,,,,,,,,,,,,,quad_pixel,5.0,,back_illuminated,,,true,true,true,full_depth_front_dti,2.0,,,,,,,quad_bayer,gapless_ocl,tin,,,,true,/Users/seongcheoljeong/Sensor_DB_TechInsight/techinsights_html_download_devices_a6pf30000000GqhAAE/html/reports/026_DEF-1904-801.html,/Users/seongcheoljeong/Sensor_DB_TechInsight/techinsights_html_download_devices_a6pf30000000GqhAAE/html/pdfs/026_DEF-1904-801/Sony_IMX650_DEF-1904-801.pdf,/Users/seongcheoljeong/FDTD/sensor_db/generated_stack_configs/def_1904_801_sony_vog_l29_triple_rear_cam2_isp.json,/Users/seongcheoljeong/FDTD/sensor_db/generated_tcad_profiles/def_1904_801_sony_vog_l29_triple_rear_cam2_isp/profile.json
DEF-1905-801,DEF,2019-06-13T00:00:00.000+00:00,2019,Samsung,S5K3P9,CMOS Image Sensor,Samsung S5K3P9SN Device Essentials Folder,,cmos_image_sensor,1.0,,,,"1/3.1""",3.9,1.6,,,,,,,,,,,,,,,four_shared,5.0,,back_illuminated,,vertical_transfer_gate,,,true,full_depth_front_dti,,,,,polysilicon,,,bayer,gapless_ocl,w,,,,,/Users/seongcheoljeong/Sensor_DB_TechInsight/techinsights_html_download/html/reports/120_DEF-1905-801.html,/Users/seongcheoljeong/Sensor_DB_TechInsight/techinsights_html_download/html/pdfs/120_DEF-1905-801/Samsung_S5K3P9SN_DEF-1905-801.pdf,/Users/seongcheoljeong/FDTD/sensor_db/generated_stack_configs/def_1905_801_samsung_s5k3p9.json,/Users/seongcheoljeong/FDTD/sensor_db/generated_tcad_profiles/def_1905_801_samsung_s5k3p9/profile.json
DEF-1905-803,DEF,2019-07-08T00:00:00.000+00:00,2019,PMD Technologies,IRS2381C,CMOS Image Sensor,Infineon IRS2381C ToF from LG G8 ThinQ Front Camera Device Essentials Folder,,cmos_image_sensor,14.0,,224,172,,,16.0,,,,,,,,,,,,,,,standalone,13.0,,back_illuminated,,,,,,,,,,,,,,,,,,,,,/Users/seongcheoljeong/Sensor_DB_TechInsight/techinsights_html_download/html/reports/119_DEF-1905-803.html,/Users/seongcheoljeong/Sensor_DB_TechInsight/techinsights_html_download/html/pdfs/119_DEF-1905-803/Infineon_IRS2381C_DEF-1905-803.pdf,/Users/seongcheoljeong/FDTD/sensor_db/generated_stack_configs/def_1905_803_pmd_technologies_irs2381c.json,/Users/seongcheoljeong/FDTD/sensor_db/generated_tcad_profiles/def_1905_803_pmd_technologies_irs2381c/profile.json
DEF-1906-802,DEF,2019-07-25T00:00:00.000+00:00,2019,Samsung,S5K3J1SX03_CIS,CMOS Image Sensor,S5K3J1SX03 CIS from the Samsung Galaxy S10e Device Essentials Folder,,cmos_image_sensor,1.22,,,,,2.6,1.7,,,,,,,,,,,,,,,four_shared,75.0,,back_illuminated,,,,,true,partial_depth_back_dti,2.1,,,,,,,bayer,gapless_ocl,tin,,,,true,/Users/seongcheoljeong/Sensor_DB_TechInsight/techinsights_html_download/html/reports/118_DEF-1906-802.html,/Users/seongcheoljeong/Sensor_DB_TechInsight/techinsights_html_download/html/pdfs/118_DEF-1906-802/Samsung_S5K3J1SX03_DEF-1906-802.pdf,/Users/seongcheoljeong/FDTD/sensor_db/generated_stack_configs/def_1906_802_samsung_s5k3j1sx03_cis.json,/Users/seongcheoljeong/FDTD/sensor_db/generated_tcad_profiles/def_1906_802_samsung_s5k3j1sx03_cis/profile.json
DEF-1907-801,DEF,2019-08-09T00:00:00.000+00:00,2019,Unknown,NZ1GXD,CMOS Image Sensor,Samsung S5K2G1XX Device Essentials Folder,,cmos_image_sensor,2.1,,,,"1/1.7""",4.4,2.7,,,,,,,,,,,,,,,standalone,,,back_illuminated,,,,,true,full_depth_front_dti,,,,,,,,,gapless_ocl,tin,,,,,/Users/seongcheoljeong/Sensor_DB_TechInsight/techinsights_html_download/html/reports/117_DEF-1907-801.html,/Users/seongcheoljeong/Sensor_DB_TechInsight/techinsights_html_download/html/pdfs/117_DEF-1907-801/Samsung_S5K2G1XX_DEF-1907-801.pdf,/Users/seongcheoljeong/FDTD/sensor_db/generated_stack_configs/def_1907_801_unknown_nz1gxd.json,/Users/seongcheoljeong/FDTD/sensor_db/generated_tcad_profiles/def_1907_801_unknown_nz1gxd/profile.json
DEF-1907-803,DEF,2019-09-06T00:00:00.000+00:00,2019,OmniVision,OV2311,CMOS Image Sensor,OmniVision OV2311 Device Essentials Folder,,global_shutter_cis,3.0,,,,"1/2.9""",,4.8,,,,,,,,,,,,,,,two_shared,,,front_illuminated,global,,,,,,,,,,,,,monochrome,gapless_ocl,,,,,,/Users/seongcheoljeong/Sensor_DB_TechInsight/techinsights_html_download/html/reports/116_DEF-1907-803.html,/Users/seongcheoljeong/Sensor_DB_TechInsight/techinsights_html_download/html/pdfs/116_DEF-1907-803/OmniVision_OV2311_DEF-1907-803.pdf,/Users/seongcheoljeong/FDTD/sensor_db/generated_stack_configs/def_1907_803_omnivision_ov2311.json,/Users/seongcheoljeong/FDTD/sensor_db/generated_tcad_profiles/def_1907_803_omnivision_ov2311/profile.json
DEF-1908-801,DEF,2019-11-21T00:00:00.000+00:00,2019,Sony,IMX374,CMOS Image Sensor,Sony IMX374 10 MP Front Camera from Samsung Galaxy S10 Device Essentials Folder,,cmos_image_sensor,1.22,10.0,,,,2.9,1.8,,,,,,,,,,,,,,,four_shared,75.0,,back_illuminated,,,,true,true,back_dti,2.3,,,,,,,bayer,gapless_ocl,w,,,,true,/Users/seongcheoljeong/Sensor_DB_TechInsight/techinsights_html_download/html/reports/112_DEF-1908-801.html,/Users/seongcheoljeong/Sensor_DB_TechInsight/techinsights_html_download/html/pdfs/112_DEF-1908-801/Sony_IMX374_10MP_Galaxy_S10_DEF-1908-801.pdf,/Users/seongcheoljeong/FDTD/sensor_db/generated_stack_configs/def_1908_801_sony_imx374.json,/Users/seongcheoljeong/FDTD/sensor_db/generated_tcad_profiles/def_1908_801_sony_imx374/profile.json
DEF-1908-802,DEF,2019-09-24T00:00:00.000+00:00,2019,ON Semi,AR0221SR2C00SUEAH3-GEVB,CMOS Image Sensor,On Semi AR0221 Device Essentials Folder,,cmos_image_sensor,4.2,,,,"1/1.7""",3.5,2.3,,,,,,,,,,,,,,,two_shared,3.0,,back_illuminated,,,,,,,,,,,,,,bayer,gapless_ocl,,,true,,,/Users/seongcheoljeong/Sensor_DB_TechInsight/techinsights_html_download/html/reports/115_DEF-1908-802.html,/Users/seongcheoljeong/Sensor_DB_TechInsight/techinsights_html_download/html/pdfs/115_DEF-1908-802/ON_Semiconductor_AR0221_DEF-1908-802.pdf,/Users/seongcheoljeong/FDTD/sensor_db/generated_stack_configs/def_1908_802_on_semi_ar0221sr2c00sueah3_gevb.json,/Users/seongcheoljeong/FDTD/sensor_db/generated_tcad_profiles/def_1908_802_on_semi_ar0221sr2c00sueah3_gevb/profile.json
DEF-1909-801,DEF,2019-11-20T00:00:00.000+00:00,2019,OmniVision,OV24A1Q,CMOS Image Sensor,OmniVision OV24A1Q - Device Essentials Folder,,cmos_image_sensor,0.9,,,,"1/2.83""",3.0,1.7,,,,,,,,,,,,,,,four_shared,1.75,,back_illuminated,,,true,true,true,partial_depth_back_dti,,,,,,,,bayer,gapless_ocl,w,,,,,/Users/seongcheoljeong/Sensor_DB_TechInsight/techinsights_html_download/html/reports/113_DEF-1909-801.html,/Users/seongcheoljeong/Sensor_DB_TechInsight/techinsights_html_download/html/pdfs/113_DEF-1909-801/OmniVision_OV24A1Q_DEF-1909-801.pdf,/Users/seongcheoljeong/FDTD/sensor_db/generated_stack_configs/def_1909_801_omnivision_ov24a1q.json,/Users/seongcheoljeong/FDTD/sensor_db/generated_tcad_profiles/def_1909_801_omnivision_ov24a1q/profile.json
DEF-1909-803,DEF,2019-10-25T00:00:00.000+00:00,2019,Sony,12MP Wide,CMOS Image Sensor,Sony 12 MP CIS from Apple iPhone 11 Rear-Facing Camera Device Essentials,,cmos_image_sensor,1.4,12.0,,,,3.5,1.8,,,,,,,,,,,,,,,dual_pixel,,,back_illuminated,,,true,true,true,full_depth_front_dti,2.3,,,,,,,bayer,gapless_ocl,w,,,,,/Users/seongcheoljeong/Sensor_DB_TechInsight/techinsights_html_download/html/reports/114_DEF-1909-803.html,/Users/seongcheoljeong/Sensor_DB_TechInsight/techinsights_html_download/html/pdfs/114_DEF-1909-803/Sony iPhone 11_Rear 12 MP Wide-Angle_DEF-1909-803.pdf,/Users/seongcheoljeong/FDTD/sensor_db/generated_stack_configs/def_1909_803_sony_12mp_wide.json,/Users/seongcheoljeong/FDTD/sensor_db/generated_tcad_profiles/def_1909_803_sony_12mp_wide/profile.json
DEF-1911-802,DEF,2020-01-28T00:00:00.000+00:00,2020,Samsung,S5K231YX,,Samsung S5K231YX Dynamic Vision Sensor Device Essentials Folder,,,9.0,0.3,640,480,,,7.5,,,,,,,,,,,,,,,standalone,,,back_illuminated,,,true,,true,back_dti,,,,,,,,,ocl,w,,,,,/Users/seongcheoljeong/Sensor_DB_TechInsight/techinsights_html_download_missing_def_a6pf30000000GqhAAE/html/reports/058_DEF-1911-802.html,/Users/seongcheoljeong/Sensor_DB_TechInsight/techinsights_html_download_missing_def_a6pf30000000GqhAAE/html/pdfs/058_DEF-1911-802/Samsung_S5K231YX_DEF-1911-802.pdf,/Users/seongcheoljeong/FDTD/sensor_db/generated_stack_configs/def_1911_802_samsung_s5k231yx.json,/Users/seongcheoljeong/FDTD/sensor_db/generated_tcad_profiles/def_1911_802_samsung_s5k231yx/profile.json
DEF-1911-803,DEF,2020-01-15T00:00:00.000+00:00,2020,Samsung,S5KHMX,CMOS Image Sensor,Samsung S5KHMXSP ISOCELL Plus from Xioami Mi CC9 Pro Device Essentials Folder,,cmos_image_sensor,0.8,108.0,,,"1/1.33""",4.0,1.5,,,,,,,,,,,,,,,four_shared,5.0,,back_illuminated,,vertical_transfer_gate,,,true,full_depth_front_dti,,,,,polysilicon,,,tetracell_bayer,gapless_ocl,tin,,,,true,/Users/seongcheoljeong/Sensor_DB_TechInsight/techinsights_html_download/html/reports/111_DEF-1911-803.html,/Users/seongcheoljeong/Sensor_DB_TechInsight/techinsights_html_download/html/pdfs/111_DEF-1911-803/Samsung_S5KHMXSP_DEF-1911-803.pdf,/Users/seongcheoljeong/FDTD/sensor_db/generated_stack_configs/def_1911_803_samsung_s5khmx.json,/Users/seongcheoljeong/FDTD/sensor_db/generated_tcad_profiles/def_1911_803_samsung_s5khmx/profile.json
DEF-1912-801,DEF,2020-03-05T00:00:00.000+00:00,2020,ON Semi,LI-AR0820-GMSL2_Front-Cam,CMOS Image Sensor,ON Semiconductor AR0820 Device Essentials Folder,,cmos_image_sensor,2.1,8.3,,,"1/2""",,2.2,,,,,,,,,,,,,,,four_shared,1.75,,back_illuminated,,,true,true,true,partial_depth_back_dti,,,,,,,,,gapless_ocl,tin,,true,,,/Users/seongcheoljeong/Sensor_DB_TechInsight/techinsights_html_download/html/reports/109_DEF-1912-801.html,/Users/seongcheoljeong/Sensor_DB_TechInsight/techinsights_html_download/html/pdfs/109_DEF-1912-801/ON_Semiconductor_AR0820_DEF-1912-801.pdf,/Users/seongcheoljeong/FDTD/sensor_db/generated_stack_configs/def_1912_801_on_semi_li_ar0820_gmsl2_front_cam.json,/Users/seongcheoljeong/FDTD/sensor_db/generated_tcad_profiles/def_1912_801_on_semi_li_ar0820_gmsl2_front_cam/profile.json
DEF-2001-802,DEF,2020-03-18T00:00:00.000+00:00,2020,Canon,3862C002,Image Sensors,Canon 3U5MGXSBAI 5 MP RGB-NIR Global Shutter CIS Device Essentials Folder,,global_shutter_cis,3.4,5.0,,,"2/3""",,6.4,,,,,,,,,,,,,,,two_shared,5.0,,front_illuminated,global,,,,,,,,,,,,,,gapless_ocl,w,,,,,/Users/seongcheoljeong/Sensor_DB_TechInsight/techinsights_html_download/html/reports/108_DEF-2001-802.html,/Users/seongcheoljeong/Sensor_DB_TechInsight/techinsights_html_download/html/pdfs/108_DEF-2001-802/Canon_3U5MGXSBAI_DEF-2001-802.pdf,/Users/seongcheoljeong/FDTD/sensor_db/generated_stack_configs/def_2001_802_canon_3862c002.json,/Users/seongcheoljeong/FDTD/sensor_db/generated_tcad_profiles/def_2001_802_canon_3862c002/profile.json
DEF-2002-801,DEF,2020-04-06T00:00:00.000+00:00,2020,Samsung,S5KGH1,CMOS Image Sensor,Samsung S5KGH1 Device Essentials Folder,,cmos_image_sensor,0.7,,16,16,"1/2.65""",3.7,1.2,,,,,,,,,,,,,,,four_shared,75.0,,back_illuminated,,vertical_transfer_gate,true,,true,full_depth_front_dti,,0.092,92.0,,polysilicon,,,tetracell_bayer,gapless_ocl,tin,,,,true,/Users/seongcheoljeong/Sensor_DB_TechInsight/techinsights_html_download/html/reports/107_DEF-2002-801.html,/Users/seongcheoljeong/Sensor_DB_TechInsight/techinsights_html_download/html/pdfs/107_DEF-2002-801/Samsung_S5KGH1SM_DEF-2002-801.pdf,/Users/seongcheoljeong/FDTD/sensor_db/generated_stack_configs/def_2002_801_samsung_s5kgh1.json,/Users/seongcheoljeong/FDTD/sensor_db/generated_tcad_profiles/def_2002_801_samsung_s5kgh1/profile.json
DEF-2002-803,DEF,2020-05-01T00:00:00.000+00:00,2020,Sony,SM-G986N_Triple-Rear-Cam1_ISP,,Sony IMX555 Device Essentials Folder,,cmos_image_sensor,1.8,12.0,,,"1/1.76""",3.0,2.2,,0.45,0.58,,,,,,,,,,,,four_shared,,,back_illuminated,,,true,true,true,full_depth_front_dti,,,,,,,,bayer,gapless_ocl,tin,,,,true,/Users/seongcheoljeong/Sensor_DB_TechInsight/techinsights_html_download_missing_def_a6pf30000000GqhAAE/html/reports/054_DEF-2002-803.html,/Users/seongcheoljeong/Sensor_DB_TechInsight/techinsights_html_download_missing_def_a6pf30000000GqhAAE/html/pdfs/054_DEF-2002-803/Sony_IMX555_DEF-2002-803.pdf,/Users/seongcheoljeong/FDTD/sensor_db/generated_stack_configs/def_2002_803_sony_sm_g986n_triple_rear_cam1_isp.json,/Users/seongcheoljeong/FDTD/sensor_db/generated_tcad_profiles/def_2002_803_sony_sm_g986n_triple_rear_cam1_isp/profile.json
DEF-2003-801,DEF,2020-06-04T00:00:00.000+00:00,2020,OmniVision,OV48B,CMOS Image Sensor,OmniVision OV48B Device Essentials Folder,,cmos_image_sensor,0.8,48.0,,,"1/2""",3.0,1.4,,0.52,0.65,,,,,,,,,,,,four_shared,1.75,,back_illuminated,,vertical_transfer_gate,true,true,true,partial_depth_back_dti,1.9,,,,,,,bayer,gapless_ocl,tin,,,,true,/Users/seongcheoljeong/Sensor_DB_TechInsight/techinsights_html_download/html/reports/106_DEF-2003-801.html,/Users/seongcheoljeong/Sensor_DB_TechInsight/techinsights_html_download/html/pdfs/106_DEF-2003-801/OmniVision_OV48B_DEF-2003-801.pdf,/Users/seongcheoljeong/FDTD/sensor_db/generated_stack_configs/def_2003_801_omnivision_ov48b.json,/Users/seongcheoljeong/FDTD/sensor_db/generated_tcad_profiles/def_2003_801_omnivision_ov48b/profile.json
DEF-2004-801,DEF,2020-06-11T00:00:00.000+00:00,2020,Brillnics,BRV0500,CMOS Image Sensor,Brillnics BRV0500 Device Essentials Folder,,cmos_image_sensor,2.12,5.0,,,"1/2.5""",2.6,2.8,,0.7,0.76,,,,,,,,,,,,two_shared,5.0,,back_illuminated,,,,,,,,,,,,,,bayer,gapless_ocl,w,,,,,/Users/seongcheoljeong/Sensor_DB_TechInsight/techinsights_html_download/html/reports/105_DEF-2004-801.html,/Users/seongcheoljeong/Sensor_DB_TechInsight/techinsights_html_download/html/pdfs/105_DEF-2004-801/Brillnics_BRV0500_DEF-2004-801.pdf,/Users/seongcheoljeong/FDTD/sensor_db/generated_stack_configs/def_2004_801_brillnics_brv0500.json,/Users/seongcheoljeong/FDTD/sensor_db/generated_tcad_profiles/def_2004_801_brillnics_brv0500/profile.json
DEF-2007-801,DEF,2020-09-10T00:00:00.000+00:00,2020,Newsight Imaging,NSI1000A0,CMOS Image Sensor,Newsight NSI1000 Device Essentials Folder,,cmos_image_sensor,6.0,,32,1024,,,,,,,,,,,,,,,,,,four_shared,6.0,,front_illuminated,,,,,,,,,,,,,,,,,,,,,/Users/seongcheoljeong/Sensor_DB_TechInsight/techinsights_html_download/html/reports/104_DEF-2007-801.html,/Users/seongcheoljeong/Sensor_DB_TechInsight/techinsights_html_download/html/pdfs/104_DEF-2007-801/Newsight_Imaging_NSI1000_DEF-2007-801.pdf,/Users/seongcheoljeong/FDTD/sensor_db/generated_stack_configs/def_2007_801_newsight_imaging_nsi1000a0.json,/Users/seongcheoljeong/FDTD/sensor_db/generated_tcad_profiles/def_2007_801_newsight_imaging_nsi1000a0/profile.json
DEF-2010-804,DEF,2020-12-21T00:00:00.000+00:00,2020,Sony,LI-IMX415-MIPI-M12_Front-Cam,CMOS Image Sensor,Sony IMX415 Device Essentials,,cmos_image_sensor,1.45,8.46,,,"1/2.8""",4.0,2.1,,0.35,0.52,,,,,,,,,,,,four_shared,75.0,,back_illuminated,,,true,true,true,full_depth_front_dti,,,,,,,,bayer,gapless_ocl,tin,,,,,/Users/seongcheoljeong/Sensor_DB_TechInsight/techinsights_html_download/html/reports/103_DEF-2010-804.html,/Users/seongcheoljeong/Sensor_DB_TechInsight/techinsights_html_download/html/pdfs/103_DEF-2010-804/Sony_IMX415_DEF-2010-804.pdf,/Users/seongcheoljeong/FDTD/sensor_db/generated_stack_configs/def_2010_804_sony_li_imx415_mipi_m12_front_cam.json,/Users/seongcheoljeong/FDTD/sensor_db/generated_tcad_profiles/def_2010_804_sony_li_imx415_mipi_m12_front_cam/profile.json
DEF-2011-801,DEF,2020-12-23T00:00:00.000+00:00,2020,GPixel Inc,GSENSE2020BSI-ANM-NUN,Image Sensor,Gpixel GSENSE2020BSI Device Essentials,,cmos_image_sensor,6.5,4.0,,,,10.5,,,,,,,,,,,,,,,,standalone,6.0,,back_illuminated,,,,,,,,,,,,,,,,tin,,,,,/Users/seongcheoljeong/Sensor_DB_TechInsight/techinsights_html_download/html/reports/102_DEF-2011-801.html,/Users/seongcheoljeong/Sensor_DB_TechInsight/techinsights_html_download/html/pdfs/102_DEF-2011-801/Gpixel_GSENSE2020BSI_DEF-2011-801.pdf,/Users/seongcheoljeong/FDTD/sensor_db/generated_stack_configs/def_2011_801_gpixel_inc_gsense2020bsi_anm_nun.json,/Users/seongcheoljeong/FDTD/sensor_db/generated_tcad_profiles/def_2011_801_gpixel_inc_gsense2020bsi_anm_nun/profile.json
DEF-2011-803,DEF,2021-01-21T00:00:00.000+00:00,2021,Sony,IMX510,CMOS Image Sensor,"Sony IMX510AQL, Full Frame (FX Format), 12.1 MP, 8.4 μm Pixel Unit Pitch, Back-Illuminated (ExmorR) CMOS Image Sensor from Sony α7S III Mirrorless Interchangeable Lens Camera (MILC) Device Essentials Summary",,cmos_image_sensor,8.4,12.1,,,,2.8,6.3,,0.65,0.81,,,,,,,,,,,,quad_pixel,25.0,,back_illuminated,,,true,,true,full_depth_front_dti,,,,,,,,quad_bayer,gapless_ocl,w,,,,,/Users/seongcheoljeong/Sensor_DB_TechInsight/techinsights_html_download/html/reports/101_DEF-2011-803.html,/Users/seongcheoljeong/Sensor_DB_TechInsight/techinsights_html_download/html/pdfs/101_DEF-2011-803/Sony_IMX510AQL_DEF-2011-803_WM.pdf,/Users/seongcheoljeong/FDTD/sensor_db/generated_stack_configs/def_2011_803_sony_imx510.json,/Users/seongcheoljeong/FDTD/sensor_db/generated_tcad_profiles/def_2011_803_sony_imx510/profile.json
DEF-2011-804,DEF,2021-01-27T00:00:00.000+00:00,2021,Sony,IMX462,CMOS Image Sensor,Sony IMX462 Device Essentials,,cmos_image_sensor,2.9,,,,"1/2.8""",6.2,2.5,,0.45,0.55,,,,,,,,,,,,standalone,5.0,,back_illuminated,,,,,true,full_depth_front_dti,2.0,,,,,,,bayer,gapless_ocl,w,,true,,,/Users/seongcheoljeong/Sensor_DB_TechInsight/techinsights_html_download/html/reports/100_DEF-2011-804.html,/Users/seongcheoljeong/Sensor_DB_TechInsight/techinsights_html_download/html/pdfs/100_DEF-2011-804/Sony_IMX462_DEF-2011-804.pdf,/Users/seongcheoljeong/FDTD/sensor_db/generated_stack_configs/def_2011_804_sony_imx462.json,/Users/seongcheoljeong/FDTD/sensor_db/generated_tcad_profiles/def_2011_804_sony_imx462/profile.json
DEF-2012-801,DEF,2021-02-05T00:00:00.000+00:00,2021,OmniVision,OV64B,CMOS Image Sensor,OmniVision OV64B Device Essentials,,cmos_image_sensor,0.7,64.0,,,"1/2""",3.0,1.3,,0.6,0.65,,,,,,,,,,,,four_shared,1.75,,back_illuminated,,vertical_transfer_gate,true,true,true,partial_depth_back_dti,1.9,,,,,,,bayer,gapless_ocl,tin,,true,,true,/Users/seongcheoljeong/Sensor_DB_TechInsight/techinsights_html_download/html/reports/099_DEF-2012-801.html,/Users/seongcheoljeong/Sensor_DB_TechInsight/techinsights_html_download/html/pdfs/099_DEF-2012-801/OmniVision_OV64B_DEF-2012-801.pdf,/Users/seongcheoljeong/FDTD/sensor_db/generated_stack_configs/def_2012_801_omnivision_ov64b.json,/Users/seongcheoljeong/FDTD/sensor_db/generated_tcad_profiles/def_2012_801_omnivision_ov64b/profile.json
DEF-2012-802,DEF,2021-02-08T00:00:00.000+00:00,2021,Unknown,CeleX-V,Image Sensor,CelePixel CeleX V Device Essentials Folder,,event_image_sensor,9.8,1.0,,,,,14.0,,,,,,,,,,,,,,,standalone,,,,,,,,,,,,,,,,,,gapless_ocl,,,,,,/Users/seongcheoljeong/Sensor_DB_TechInsight/techinsights_html_download/html/reports/098_DEF-2012-802.html,/Users/seongcheoljeong/Sensor_DB_TechInsight/techinsights_html_download/html/pdfs/098_DEF-2012-802/CelePixel_CeleX_V_DEF-2012-802.pdf,/Users/seongcheoljeong/FDTD/sensor_db/generated_stack_configs/def_2012_802_unknown_celex_v.json,/Users/seongcheoljeong/FDTD/sensor_db/generated_tcad_profiles/def_2012_802_unknown_celex_v/profile.json
DEF-2102-801,DEF,2021-03-26T00:00:00.000+00:00,2021,Leopard Imaging Inc,OX08A4Y-GMSL,Evaluation Kit,OmniVision OX08A Device Essentials Folder,,cmos_image_sensor,2.1,8.3,,,"1/1.73""",2.9,1.7,,0.61,0.72,,,,,,,,,,,,four_shared,2.0,,back_illuminated,,,true,true,true,partial_depth_back_dti,2.1,,,,,,,bayer,gapless_ocl,w,,true,,,/Users/seongcheoljeong/Sensor_DB_TechInsight/techinsights_html_download_missing_def_a6pf30000000GqhAAE/html/reports/037_DEF-2102-801.html,/Users/seongcheoljeong/Sensor_DB_TechInsight/techinsights_html_download_missing_def_a6pf30000000GqhAAE/html/pdfs/037_DEF-2102-801/OmniVision_OX08A_DEF-2102-801.pdf,/Users/seongcheoljeong/FDTD/sensor_db/generated_stack_configs/def_2102_801_leopard_imaging_inc_ox08a4y_gmsl.json,/Users/seongcheoljeong/FDTD/sensor_db/generated_tcad_profiles/def_2102_801_leopard_imaging_inc_ox08a4y_gmsl/profile.json
DEF-2103-801,DEF,2021-04-15T00:00:00.000+00:00,2021,ON Semi,MARS1-AR0234ATSMS-GEVB,Evaluation Kit,ON Semi AR0234AT Device Essentials Folder,,global_shutter_cis,3.0,2.3,,,,,5.6,,,,,,,,,,,,,,,two_shared,4.5,,front_illuminated,global,,,,,,,,,,,,,monochrome,,w,,,,,/Users/seongcheoljeong/Sensor_DB_TechInsight/techinsights_html_download_missing_def_a6pf30000000GqhAAE/html/reports/036_DEF-2103-801.html,/Users/seongcheoljeong/Sensor_DB_TechInsight/techinsights_html_download_missing_def_a6pf30000000GqhAAE/html/pdfs/036_DEF-2103-801/ONSemi_AR0234AT_DEF-2103-801.pdf,/Users/seongcheoljeong/FDTD/sensor_db/generated_stack_configs/def_2103_801_on_semi_mars1_ar0234atsms_gevb.json,/Users/seongcheoljeong/FDTD/sensor_db/generated_tcad_profiles/def_2103_801_on_semi_mars1_ar0234atsms_gevb/profile.json
DEF-2103-802,DEF,2021-04-23T00:00:00.000+00:00,2021,STMicroelectronics,VG6640AB1M,Image Sensor,STMicroelectronics VG6640 Device Essentials Folder,,cmos_image_sensor,3.75,1.3,,,"1/2.7""",,4.2,,0.59,0.72,,,,,,,,,,,,standalone,5.0,,front_illuminated,,,,,true,full_depth_front_dti,4.1,0.22,220.0,,,,,bayer,ocl,tin,,true,,,/Users/seongcheoljeong/Sensor_DB_TechInsight/techinsights_html_download/html/reports/097_DEF-2103-802.html,/Users/seongcheoljeong/Sensor_DB_TechInsight/techinsights_html_download/html/pdfs/097_DEF-2103-802/STMicroelectronics_VG6640_DEF-2103-802.pdf,/Users/seongcheoljeong/FDTD/sensor_db/generated_stack_configs/def_2103_802_stmicroelectronics_vg6640ab1m.json,/Users/seongcheoljeong/FDTD/sensor_db/generated_tcad_profiles/def_2103_802_stmicroelectronics_vg6640ab1m/profile.json
DEF-2103-803,DEF,2021-06-07T00:00:00.000+00:00,2021,SmartSens,SC4335,CMOS Image Sensor,SmartSens SC4335 Device Essentials Folder,,cmos_image_sensor,2.25,4.0,,,"1/2.7""",,4.0,,0.53,0.81,,,,,,,,,,,,standalone,3.0,,front_illuminated,,,,,,,,,,,,,,bayer,gapless_ocl,tin,,,,,/Users/seongcheoljeong/Sensor_DB_TechInsight/techinsights_html_download/html/reports/095_DEF-2103-803.html,/Users/seongcheoljeong/Sensor_DB_TechInsight/techinsights_html_download/html/pdfs/095_DEF-2103-803/SmartSens_SC4335_DEF-2103-803.pdf,/Users/seongcheoljeong/FDTD/sensor_db/generated_stack_configs/def_2103_803_smartsens_sc4335.json,/Users/seongcheoljeong/FDTD/sensor_db/generated_tcad_profiles/def_2103_803_smartsens_sc4335/profile.json
DEF-2103-804,DEF,2021-06-09T00:00:00.000+00:00,2021,Samsung,S5KGN2,CMOS Image Sensor,Samsung ISOCELL GN2 Device Essentials Folder,,cmos_image_sensor,1.4,50.0,,,"1/12""",2.8,1.8,,0.42,0.44,,,,,,,,,,,,dual_pixel,3.0,,back_illuminated,,,,,true,full_depth_front_dti,2.3,,,,,,,tetracell_bayer,gapless_ocl,tin,,,,true,/Users/seongcheoljeong/Sensor_DB_TechInsight/techinsights_html_download/html/reports/094_DEF-2103-804.html,/Users/seongcheoljeong/Sensor_DB_TechInsight/techinsights_html_download/html/pdfs/094_DEF-2103-804/Samsung_S5KGN2SP_DEF-2103-804.pdf,/Users/seongcheoljeong/FDTD/sensor_db/generated_stack_configs/def_2103_804_samsung_s5kgn2.json,/Users/seongcheoljeong/FDTD/sensor_db/generated_tcad_profiles/def_2103_804_samsung_s5kgn2/profile.json
DEF-2104-801,DEF,2021-06-18T00:00:00.000+00:00,2021,ON Semi,ARX3A0_CIS,CMOS Image Sensor,ON Semiconductor ARX3A0 Device Essentials Folder,,global_shutter_cis,2.2,,560,560,"1/10.3""",2.7,1.4,,,,,,,,,,,,,,,four_shared,2.0,,back_illuminated,global,,,,true,partial_depth_back_dti,,,,,,,,,ocl,tin,,,,,/Users/seongcheoljeong/Sensor_DB_TechInsight/techinsights_html_download/html/reports/092_DEF-2104-801.html,/Users/seongcheoljeong/Sensor_DB_TechInsight/techinsights_html_download/html/pdfs/092_DEF-2104-801/ON Semi_ARX3A0_DEF-2104-801.pdf,/Users/seongcheoljeong/FDTD/sensor_db/generated_stack_configs/def_2104_801_on_semi_arx3a0_cis.json,/Users/seongcheoljeong/FDTD/sensor_db/generated_tcad_profiles/def_2104_801_on_semi_arx3a0_cis/profile.json
DEF-2104-802,DEF,2021-05-18T00:00:00.000+00:00,2021,Sony,IMX991-AABA,Image Sensor,Sony IMX990 Device Essentials Folder,,swir_image_sensor,5.0,,,,"1/2""",,,,,,,,,,,,,,,,,standalone,5.0,,,global,,,true,,,,,,,,,,,,w,,,,,/Users/seongcheoljeong/Sensor_DB_TechInsight/techinsights_html_download/html/reports/096_DEF-2104-802.html,/Users/seongcheoljeong/Sensor_DB_TechInsight/techinsights_html_download/html/pdfs/096_DEF-2104-802/Sony_IMX990_DEF-2104-802.pdf,/Users/seongcheoljeong/FDTD/sensor_db/generated_stack_configs/def_2104_802_sony_imx991_aaba.json,/Users/seongcheoljeong/FDTD/sensor_db/generated_tcad_profiles/def_2104_802_sony_imx991_aaba/profile.json
DEF-2105-801,DEF,2021-07-19T00:00:00.000+00:00,2021,Prophesee,V2M_CIS,CMOS Image Sensor,Prophesee Metavision Sensor Device Essentials Folder,,event_image_sensor,15.0,,640,480,"3/4""",,14.8,,,,,,,,,,,,,,,standalone,52.0,,front_illuminated,,,,,,,,,,,,,,,ocl,tin,,,,,/Users/seongcheoljeong/Sensor_DB_TechInsight/techinsights_html_download/html/reports/091_DEF-2105-801.html,/Users/seongcheoljeong/Sensor_DB_TechInsight/techinsights_html_download/html/pdfs/091_DEF-2105-801/Prophesee_V2M_DEF-2105-801.pdf,/Users/seongcheoljeong/FDTD/sensor_db/generated_stack_configs/def_2105_801_prophesee_v2m_cis.json,/Users/seongcheoljeong/FDTD/sensor_db/generated_tcad_profiles/def_2105_801_prophesee_v2m_cis/profile.json
DEF-2107-801,DEF,2021-09-09T00:00:00.000+00:00,2021,Canon,LY1240_CIS,CMOS Image Sensor,Canon LI7050 Device Essentials Folder,,cmos_image_sensor,4.1,,,,"1/1.8""",,6.7,,0.63,0.72,,,,,,,,,,,,standalone,5.0,,,,,,,,,,,,,,,,bayer,gapless_ocl,tin,,true,,,/Users/seongcheoljeong/Sensor_DB_TechInsight/techinsights_html_download/html/reports/089_DEF-2107-801.html,/Users/seongcheoljeong/Sensor_DB_TechInsight/techinsights_html_download/html/pdfs/089_DEF-2107-801/Canon_LI7050_DEF-2107-801.pdf,/Users/seongcheoljeong/FDTD/sensor_db/generated_stack_configs/def_2107_801_canon_ly1240_cis.json,/Users/seongcheoljeong/FDTD/sensor_db/generated_tcad_profiles/def_2107_801_canon_ly1240_cis/profile.json
DEF-2109-802,DEF,2021-11-22T00:00:00.000+00:00,2021,OmniVision,OS04C10-A43A,Image Sensor,OmniVision OS04C10 Device Essentials Folder,,cmos_image_sensor,2.0,4.0,,,"1/3""",3.5,2.7,,0.73,0.83,,,,,,,,,,,,standalone,5.0,,back_illuminated,,,,,true,partial_depth_back_dti,2.1,,,,,,,bayer,gapless_ocl,tin,,,,,/Users/seongcheoljeong/Sensor_DB_TechInsight/techinsights_html_download/html/reports/088_DEF-2109-802.html,/Users/seongcheoljeong/Sensor_DB_TechInsight/techinsights_html_download/html/pdfs/088_DEF-2109-802/OmniVision_OS04C10_DEF-2109-802.pdf,/Users/seongcheoljeong/FDTD/sensor_db/generated_stack_configs/def_2109_802_omnivision_os04c10_a43a.json,/Users/seongcheoljeong/FDTD/sensor_db/generated_tcad_profiles/def_2109_802_omnivision_os04c10_a43a/profile.json
DEF-2110-804,DEF,2021-12-14T00:00:00.000+00:00,2021,SmartSens,SAV-WBCMSBML500WH_Front-Cam_CIS,CMOS Image Sensor,SmartSens SC500AI CMOS Image Sensor From Starlight Security Camera Device Essentials Folder,,cmos_image_sensor,2.0,5.0,,,"1/2.7""",2.9,2.3,,0.62,0.68,,,,,,,,,,,,standalone,5.0,,back_illuminated,,,,,,,,,,,,,,bayer,gapless_ocl,w,,,,,/Users/seongcheoljeong/Sensor_DB_TechInsight/techinsights_html_download/html/reports/087_DEF-2110-804.html,/Users/seongcheoljeong/Sensor_DB_TechInsight/techinsights_html_download/html/pdfs/087_DEF-2110-804/SmartSens_SC500AI_DEF-2110-804.pdf,/Users/seongcheoljeong/FDTD/sensor_db/generated_stack_configs/def_2110_804_smartsens_sav_wbcmsbml500wh_front_cam_cis.json,/Users/seongcheoljeong/FDTD/sensor_db/generated_tcad_profiles/def_2110_804_smartsens_sav_wbcmsbml500wh_front_cam_cis/profile.json
DEF-2111-801,DEF,2021-12-22T00:00:00.000+00:00,2021,Galaxycore Inc,GC8054,CMOS Image Sensor,GalaxyCore GC8054 Device Essentials Folder,,cmos_image_sensor,1.12,8.0,,,"1/4""",2.3,1.7,,0.56,0.66,,,,,,,,,,,,four_shared,1.75,,back_illuminated,,,,,,,,,,,,,,bayer,gapless_ocl,w,,,,,/Users/seongcheoljeong/Sensor_DB_TechInsight/techinsights_html_download/html/reports/085_DEF-2111-801.html,/Users/seongcheoljeong/Sensor_DB_TechInsight/techinsights_html_download/html/pdfs/085_DEF-2111-801/Galaxycore_GC8054_DEF-2111-801.pdf,/Users/seongcheoljeong/FDTD/sensor_db/generated_stack_configs/def_2111_801_galaxycore_inc_gc8054.json,/Users/seongcheoljeong/FDTD/sensor_db/generated_tcad_profiles/def_2111_801_galaxycore_inc_gc8054/profile.json
DEF-2111-803,DEF,2022-01-27T00:00:00.000+00:00,2022,Canon,LC1720_CIS,CMOS Image Sensor,Canon LC1720 Full-Frame Stacked Back-Illuminated CIS from Canon EOS R3 Device Essentials Folder,,cmos_image_sensor,6.0,24.1,,,,3.1,8.0,,0.82,0.92,,,,,,,,,,,,dual_pixel,9.0,,back_illuminated,,,true,true,true,full_depth_front_dti,,,,,,,,bayer,gapless_ocl,w,,,,true,/Users/seongcheoljeong/Sensor_DB_TechInsight/techinsights_html_download/html/reports/084_DEF-2111-803.html,/Users/seongcheoljeong/Sensor_DB_TechInsight/techinsights_html_download/html/pdfs/084_DEF-2111-803/Canon_LC1720_Full_Frame_CMOS_Image_Sensor_DEF-2111-803.pdf,/Users/seongcheoljeong/FDTD/sensor_db/generated_stack_configs/def_2111_803_canon_lc1720_cis.json,/Users/seongcheoljeong/FDTD/sensor_db/generated_tcad_profiles/def_2111_803_canon_lc1720_cis/profile.json
DEF-2112-801,DEF,2022-01-31T00:00:00.000+00:00,2022,OmniVision,0X01F10-E48Y,Image Sensor,OmniVision OX01F10 Device Essentials Folder,,cmos_image_sensor,3.0,1.3,,,"1/4""",2.9,3.2,,0.72,0.83,,,,,,,,,,,,standalone,,,back_illuminated,,,true,true,true,partial_depth_back_dti,,,,,,,,bayer,gapless_ocl,w,,true,,,/Users/seongcheoljeong/Sensor_DB_TechInsight/techinsights_html_download/html/reports/083_DEF-2112-801.html,/Users/seongcheoljeong/Sensor_DB_TechInsight/techinsights_html_download/html/pdfs/083_DEF-2112-801/OmniVision_OX01F10_DEF-2112-801.pdf,/Users/seongcheoljeong/FDTD/sensor_db/generated_stack_configs/def_2112_801_omnivision_0x01f10_e48y.json,/Users/seongcheoljeong/FDTD/sensor_db/generated_tcad_profiles/def_2112_801_omnivision_0x01f10_e48y/profile.json
DEF-2201-801,DEF,2022-02-28T00:00:00.000+00:00,2022,OmniVision,OV60A,CMOS Image Sensor,OmniVision OV60A 0.61 µm Pixel Stacked Back-Illuminated CIS with PureCel Plus-S Device Essentials Folder,,cmos_image_sensor,0.61,60.0,,,"1/2.8""",2.9,1.6,,0.92,0.98,,,,,,,,,,,,eight_shared,1.75,,back_illuminated,,vertical_transfer_gate,true,true,true,partial_depth_back_dti,2.0,,,,,,,bayer,gapless_ocl,tin,,,,,/Users/seongcheoljeong/Sensor_DB_TechInsight/techinsights_html_download/html/reports/082_DEF-2201-801.html,/Users/seongcheoljeong/Sensor_DB_TechInsight/techinsights_html_download/html/pdfs/082_DEF-2201-801/OmniVision_OV60A_CIS_Motorola_Edge_X30_DEF-2201-801.pdf,/Users/seongcheoljeong/FDTD/sensor_db/generated_stack_configs/def_2201_801_omnivision_ov60a.json,/Users/seongcheoljeong/FDTD/sensor_db/generated_tcad_profiles/def_2201_801_omnivision_ov60a/profile.json
DEF-2201-802,DEF,2022-03-14T00:00:00.000+00:00,2022,OmniVision,OV50A,CMOS Image Sensor,OmniVision OV50A 50 MP 1.0 μm Pixel CMOS Image Sensor Device Essentials Folder,,cmos_image_sensor,1.0,50.0,,,"1/1.55""",3.0,1.7,,0.57,0.64,,,,,,,,,,,,four_shared,2.0,,back_illuminated,,vertical_transfer_gate,,,true,partial_depth_back_dti,1.7,,,,,,,bayer,gapless_ocl,tin,,,,,/Users/seongcheoljeong/Sensor_DB_TechInsight/techinsights_html_download/html/reports/081_DEF-2201-802.html,/Users/seongcheoljeong/Sensor_DB_TechInsight/techinsights_html_download/html/pdfs/081_DEF-2201-802/OmniVision_OV50A_DEF-2201-802.pdf,/Users/seongcheoljeong/FDTD/sensor_db/generated_stack_configs/def_2201_802_omnivision_ov50a.json,/Users/seongcheoljeong/FDTD/sensor_db/generated_tcad_profiles/def_2201_802_omnivision_ov50a/profile.json
DEF-2201-803,DEF,2022-04-11T00:00:00.000+00:00,2022,Sony,IMX709,CMOS Image Sensor,Sony IMX709 32 MP 0.8 μm Pixel CIS with RGBW Device Essentials Folder,,cmos_image_sensor,0.8,32.0,,,"1/2.8""",3.5,1.5,,0.47,0.61,,,,,,,,,,,,eight_shared,5.0,,back_illuminated,,,true,true,true,partial_depth_back_dti,2.3,,,,,,,,gapless_ocl,tin,,,,true,/Users/seongcheoljeong/Sensor_DB_TechInsight/techinsights_html_download/html/reports/080_DEF-2201-803.html,/Users/seongcheoljeong/Sensor_DB_TechInsight/techinsights_html_download/html/pdfs/080_DEF-2201-803/SONY_IMX709_DEF-2201-803.pdf,/Users/seongcheoljeong/FDTD/sensor_db/generated_stack_configs/def_2201_803_sony_imx709.json,/Users/seongcheoljeong/FDTD/sensor_db/generated_tcad_profiles/def_2201_803_sony_imx709/profile.json
DEF-2202-802,DEF,2022-03-22T00:00:00.000+00:00,2022,Sony,IMX636AAMR-ES,Unclassified,Sony IMX636 0.92 MP 4.86 μm Pixel Event-Based Vision Sensor Device Essentials Folder,,event_image_sensor,4.86,0.92,1280,720,"1/2.5""",6.8,4.2,,,,,,,,,,,,,,,standalone,4.0,,back_illuminated,,,true,true,true,full_depth_front_dti,,,,,,,,,gapless_ocl,tin,,,,,/Users/seongcheoljeong/Sensor_DB_TechInsight/techinsights_html_download_missing_def_a6pf30000000GqhAAE/html/reports/028_DEF-2202-802.html,/Users/seongcheoljeong/Sensor_DB_TechInsight/techinsights_html_download_missing_def_a6pf30000000GqhAAE/html/pdfs/028_DEF-2202-802/Sony_IMX636_Event-Based_Vision_Sensor_DEF-2202-802.pdf,/Users/seongcheoljeong/FDTD/sensor_db/generated_stack_configs/def_2202_802_sony_imx636aamr_es.json,/Users/seongcheoljeong/FDTD/sensor_db/generated_tcad_profiles/def_2202_802_sony_imx636aamr_es/profile.json
DEF-2203-801,DEF,2022-05-20T00:00:00.000+00:00,2022,SmartSens,SC410GS-CC3AF00,Image Sensors,SmartSens SC410GS Device Essentials Folder,,global_shutter_cis,4.2,4.0,,,"1/1.3""",2.4,3.9,,0.66,0.79,,,,,,,,,,,,standalone,9.0,,back_illuminated,global,,,,true,partial_depth_back_dti,1.6,,,,,dielectric,,bayer,gapless_ocl,tin,,,,,/Users/seongcheoljeong/Sensor_DB_TechInsight/techinsights_html_download/html/reports/079_DEF-2203-801.html,/Users/seongcheoljeong/Sensor_DB_TechInsight/techinsights_html_download/html/pdfs/079_DEF-2203-801/SmartSens_SC410GS_DEF-2203-801.pdf,/Users/seongcheoljeong/FDTD/sensor_db/generated_stack_configs/def_2203_801_smartsens_sc410gs_cc3af00.json,/Users/seongcheoljeong/FDTD/sensor_db/generated_tcad_profiles/def_2203_801_smartsens_sc410gs_cc3af00/profile.json
DEF-2204-801,DEF,2022-06-03T00:00:00.000+00:00,2022,Nikon,Nikon Z9,Digital Camera,Sony IMX609AQJ Full Frame 45.7 MP Stacked Back-Illuminated CMOS Image Sensor from Nikon Z9 Mirrorless Device Essentials Folder,,cmos_image_sensor,4.35,45.7,,,,2.7,6.4,0.88,0.88,1.0,,,,,,,,,,,,,4.0,,back_illuminated,,,true,true,true,full_depth_front_dti,,,,,,,,bayer,gapless_ocl,tin,,,,,/Users/seongcheoljeong/Sensor_DB_TechInsight/techinsights_html_download_missing_def_a6pf30000000GqhAAE/html/reports/026_DEF-2204-801.html,/Users/seongcheoljeong/Sensor_DB_TechInsight/techinsights_html_download_missing_def_a6pf30000000GqhAAE/html/pdfs/026_DEF-2204-801/Sony_IMX609AQJ_Nikon_Z9_CMOS_Image_Sensor_DEF-2204-801.pdf,/Users/seongcheoljeong/FDTD/sensor_db/generated_stack_configs/def_2204_801_nikon_nikon_z9.json,/Users/seongcheoljeong/FDTD/sensor_db/generated_tcad_profiles/def_2204_801_nikon_nikon_z9/profile.json
DEF-2204-803,DEF,2022-06-28T00:00:00.000+00:00,2022,STMicroelectronics,55G0AB,CMOS Image Sensor,STMicroelectronics IR Cam (55G0AB) from Surface 8 Pro Device Essentials Folder,,global_shutter_cis,2.6,,,,"1/9""",5.9,4.1,,,,,,,,,,,,,,,standalone,,,back_illuminated,global,,,true,true,full_depth_front_dti,5.9,0.21,210.0,,oxide,,,,gapless_ocl,tin,,,,,/Users/seongcheoljeong/Sensor_DB_TechInsight/techinsights_html_download/html/reports/077_DEF-2204-803.html,/Users/seongcheoljeong/Sensor_DB_TechInsight/techinsights_html_download/html/pdfs/077_DEF-2204-803/STMicroelectronics_55G0AB_DEF-2204-803.pdf,/Users/seongcheoljeong/FDTD/sensor_db/generated_stack_configs/def_2204_803_stmicroelectronics_55g0ab.json,/Users/seongcheoljeong/FDTD/sensor_db/generated_tcad_profiles/def_2204_803_stmicroelectronics_55g0ab/profile.json
DEF-2204-804,DEF,2022-06-28T00:00:00.000+00:00,2022,Samsung,S5KHM6,CMOS Image Sensor,Samsung S5KHM6 108 MP 0.64 µm CMOS Image Sensor Realme 9 Rear Camera Device Essentials Folder,,cmos_image_sensor,0.64,108.0,,,"1/1.67""",3.6,1.3,,0.51,0.63,,,,,,,,,,,,,,,back_illuminated,,vertical_transfer_gate,true,,true,full_depth_front_dti,,0.11,110.0,,polysilicon,,,bayer,gapless_ocl,w,,,,true,/Users/seongcheoljeong/Sensor_DB_TechInsight/techinsights_html_download/html/reports/078_DEF-2204-804.html,/Users/seongcheoljeong/Sensor_DB_TechInsight/techinsights_html_download/html/pdfs/078_DEF-2204-804/Samsung_S5KHM6_DEF-2204-804.pdf,/Users/seongcheoljeong/FDTD/sensor_db/generated_stack_configs/def_2204_804_samsung_s5khm6.json,/Users/seongcheoljeong/FDTD/sensor_db/generated_tcad_profiles/def_2204_804_samsung_s5khm6/profile.json
DEF-2206-801,DEF,2022-08-24T00:00:00.000+00:00,2022,Samsung,S5KJNVSQ_ISP,Image Processor,Samsung JNV Device Essentials Folder,,cmos_image_sensor,0.64,50.0,16,16,"1/2.76""",3.8,1.1,,0.35,0.51,0.64,1.28,1.28,,,,,,,,,four_shared,5.0,,back_illuminated,,vertical_transfer_gate,true,,true,full_depth_front_dti,,,,,polysilicon,,,tetracell_bayer,gapless_ocl,tin,,,,true,/Users/seongcheoljeong/Sensor_DB_TechInsight/techinsights_html_download_devices_a6pf30000000GqhAAE/html/reports/017_DEF-2206-801.html,/Users/seongcheoljeong/Sensor_DB_TechInsight/techinsights_html_download_devices_a6pf30000000GqhAAE/html/pdfs/017_DEF-2206-801/Samsung_S5KJNVSQ _DEF-2206-801.pdf,/Users/seongcheoljeong/FDTD/sensor_db/generated_stack_configs/def_2206_801_samsung_s5kjnvsq_isp.json,/Users/seongcheoljeong/FDTD/sensor_db/generated_tcad_profiles/def_2206_801_samsung_s5kjnvsq_isp/profile.json
DEF-2206-802,DEF,2022-07-13T00:00:00.000+00:00,2022,ON Semi,AR0220AT3B00XUEA0-DPBR,Image Sensors,onsemi AR0220AT 1.7 MP 4.2 µm Pixel Pitch HDR CMOS Image Sensor Device Essentials Analysis,,cmos_image_sensor,4.2,1.7,,,"1/1.8""",3.5,2.3,,0.58,0.7,,,,,,,,,,,,two_shared,3.0,,back_illuminated,,,,,,,,,,,,,,,gapless_ocl,tin,,true,,,/Users/seongcheoljeong/Sensor_DB_TechInsight/techinsights_html_download/html/reports/076_DEF-2206-802.html,/Users/seongcheoljeong/Sensor_DB_TechInsight/techinsights_html_download/html/pdfs/076_DEF-2206-802/onsemi_AR0220AT_HDR_Automotive_CMOS_DEF-2206-802.pdf,/Users/seongcheoljeong/FDTD/sensor_db/generated_stack_configs/def_2206_802_on_semi_ar0220at3b00xuea0_dpbr.json,/Users/seongcheoljeong/FDTD/sensor_db/generated_tcad_profiles/def_2206_802_on_semi_ar0220at3b00xuea0_dpbr/profile.json
DEF-2206-804,DEF,2022-08-10T00:00:00.000+00:00,2022,SmartSens,SC501CS,CMOS Image Sensor,"SmartSens SC501CS 1/5"" 5.0 MP 1.12 µm Pixel Pitch CMOS Image Sensor Device Essentials Folder",,cmos_image_sensor,1.12,5.0,,,"1/5""",2.2,1.5,,0.64,0.68,1.12,1.12,1.12,,,,,,,,,four_shared,75.0,,back_illuminated,,,,,,,,,,,,,,bayer,gapless_ocl,tin,,,,,/Users/seongcheoljeong/Sensor_DB_TechInsight/techinsights_html_download/html/reports/074_DEF-2206-804.html,/Users/seongcheoljeong/Sensor_DB_TechInsight/techinsights_html_download/html/pdfs/074_DEF-2206-804/SmartSens_SC501CS_DEF-2206-804.pdf,/Users/seongcheoljeong/FDTD/sensor_db/generated_stack_configs/def_2206_804_smartsens_sc501cs.json,/Users/seongcheoljeong/FDTD/sensor_db/generated_tcad_profiles/def_2206_804_smartsens_sc501cs/profile.json
DEF-2206-805,DEF,2022-07-29T00:00:00.000+00:00,2022,Sony,IMX662,CMOS Image Sensor,Sony IMX662 2.1 MP 2.9 μm Pixel CIS Device Essentials Folder,,nir_cis,2.9,2.1,,,"1/2.8""",6.6,2.6,,0.42,0.53,2.9,2.9,2.9,,,,,,,,,standalone,6.0,,back_illuminated,,dual_vertical_transfer_gate,,true,true,full_depth_front_dti,,,,,,,,bayer,gapless_ocl,w,,true,,,/Users/seongcheoljeong/Sensor_DB_TechInsight/techinsights_html_download/html/reports/075_DEF-2206-805.html,/Users/seongcheoljeong/Sensor_DB_TechInsight/techinsights_html_download/html/pdfs/075_DEF-2206-805/Sony_IMX662_DEF-2206-805.pdf,/Users/seongcheoljeong/FDTD/sensor_db/generated_stack_configs/def_2206_805_sony_imx662.json,/Users/seongcheoljeong/FDTD/sensor_db/generated_tcad_profiles/def_2206_805_sony_imx662/profile.json
DEF-2207-801,DEF,2022-09-01T00:00:00.000+00:00,2022,OmniVision,OV2K0EAA_P_CIS,CMOS Image Sensor,OmniVision OX03C10 2.5 MP 3.0 μm Pixel PureCel Plus-S Automotive CMOS Image Sensor with Split-Pixel LFM and HDR Device Essentials Folder,,cmos_image_sensor,3.0,2.5,,,"1/2.6""",2.9,2.6,,0.69,0.81,3.0,3.0,3.0,,,,,,,,,standalone,6.0,,back_illuminated,,,true,true,true,partial_depth_back_dti,,,,,,,,bayer,gapless_ocl,w,,true,,,/Users/seongcheoljeong/Sensor_DB_TechInsight/techinsights_html_download/html/reports/073_DEF-2207-801.html,/Users/seongcheoljeong/Sensor_DB_TechInsight/techinsights_html_download/html/pdfs/073_DEF-2207-801/OmniVision_OX03C10_DEF-2207-801.pdf,/Users/seongcheoljeong/FDTD/sensor_db/generated_stack_configs/def_2207_801_omnivision_ov2k0eaa_p_cis.json,/Users/seongcheoljeong/FDTD/sensor_db/generated_tcad_profiles/def_2207_801_omnivision_ov2k0eaa_p_cis/profile.json
DEF-2207-802,DEF,2022-10-27T00:00:00.000+00:00,2022,Sony,IMX989,CMOS Image Sensor,Sony IMX989 1” 50 MP 1.6 μm Pixel Pitch CMOS Image Sensor Device Essentials Folder,,cmos_image_sensor,1.6,50.0,,,"1""",2.9,2.0,,0.54,0.57,1.6,3.2,1.6,,,,,,,,,quad_pixel,,,back_illuminated,,,true,true,true,full_depth_front_dti,,,,,,,,quad_bayer,gapless_ocl,w,,,,true,/Users/seongcheoljeong/Sensor_DB_TechInsight/techinsights_html_download/html/reports/070_DEF-2207-802.html,/Users/seongcheoljeong/Sensor_DB_TechInsight/techinsights_html_download/html/pdfs/070_DEF-2207-802/Sony_IMX989_DEF-2207-802.pdf,/Users/seongcheoljeong/FDTD/sensor_db/generated_stack_configs/def_2207_802_sony_imx989.json,/Users/seongcheoljeong/FDTD/sensor_db/generated_tcad_profiles/def_2207_802_sony_imx989/profile.json
DEF-2208-801,DEF,2022-11-14T00:00:00.000+00:00,2022,Sony,IMX787,CMOS Image Sensor,Sony IMX787 64 MP 0.8 μm Pixel Pitch Exmor RS CMOS Image Sensor Device Essentials Folder,,cmos_image_sensor,0.8,64.0,,,"1/1.7""",3.6,1.9,,0.54,0.6,1.6,1.6,1.6,,,,,,,,,quad_pixel,5.0,,back_illuminated,,,,true,true,full_depth_front_dti,,,,,,,,quad_bayer,gapless_ocl,w,,,,true,/Users/seongcheoljeong/Sensor_DB_TechInsight/techinsights_html_download/html/reports/069_DEF-2208-801.html,/Users/seongcheoljeong/Sensor_DB_TechInsight/techinsights_html_download/html/pdfs/069_DEF-2208-801/Sony_IMX787_DEF-2208-801.pdf,/Users/seongcheoljeong/FDTD/sensor_db/generated_stack_configs/def_2208_801_sony_imx787.json,/Users/seongcheoljeong/FDTD/sensor_db/generated_tcad_profiles/def_2208_801_sony_imx787/profile.json
DEF-2208-803,DEF,2022-10-19T00:00:00.000+00:00,2022,Sony,IMX678AAQR1-C,CMOS Image Sensor,Sony IMX678 8.4 MP 2.0 μm Pixel Pitch CIS with Starvis 2 Pixel Technology Device Essentials Folder,,nir_cis,2.0,8.4,,,"1/1.8""",6.1,2.4,,0.29,0.57,2.0,2.0,2.0,,,,,,,,,standalone,5.0,,back_illuminated,,vertical_transfer_gate,,true,true,full_depth_front_dti,,,,,,,,bayer,gapless_ocl,w,,true,,,/Users/seongcheoljeong/Sensor_DB_TechInsight/techinsights_html_download/html/reports/071_DEF-2208-803.html,/Users/seongcheoljeong/Sensor_DB_TechInsight/techinsights_html_download/html/pdfs/071_DEF-2208-803/Sony_IMX678_DEF-2208-803.pdf,/Users/seongcheoljeong/FDTD/sensor_db/generated_stack_configs/def_2208_803_sony_imx678aaqr1_c.json,/Users/seongcheoljeong/FDTD/sensor_db/generated_tcad_profiles/def_2208_803_sony_imx678aaqr1_c/profile.json
DEF-2209-801,DEF,2022-09-26T00:00:00.000+00:00,2022,Samsung,HP1,CMOS Image Sensor,Samsung S5KHP1SP 200 MP 0.64 μm Pixel Pitch Tetra2pixel CMOS Image Sensor Device Essentials Folder,,cmos_image_sensor,0.64,200.0,,,"1/1.22""",3.7,1.1,,0.33,0.44,,,,,,,,,,,,four_shared,5.0,,back_illuminated,,vertical_transfer_gate,true,,true,full_depth_front_dti,,,,,polysilicon,,,bayer,gapless_ocl,tin,,true,,true,/Users/seongcheoljeong/Sensor_DB_TechInsight/techinsights_html_download/html/reports/072_DEF-2209-801.html,/Users/seongcheoljeong/Sensor_DB_TechInsight/techinsights_html_download/html/pdfs/072_DEF-2209-801/Samsung_S5KHP1SP_DEF-2209-801.pdf,/Users/seongcheoljeong/FDTD/sensor_db/generated_stack_configs/def_2209_801_samsung_hp1.json,/Users/seongcheoljeong/FDTD/sensor_db/generated_tcad_profiles/def_2209_801_samsung_hp1/profile.json
DEF-2210-801,DEF,2022-12-16T00:00:00.000+00:00,2022,SmartSens,SC850SL-CSMNN00,Image Sensors,SmartSens SC850SL 8 MP 2.0 μm Pixel Pitch Back-Illuminated CMOS Image Sensor Device Essentials Folder,,cmos_image_sensor,2.0,8.0,,,"1/1.8""",5.8,2.4,,0.83,0.9,2.0,,2.0,,,,,,,,,standalone,5.0,,back_illuminated,rolling,,true,true,true,partial_depth_back_dti,,,,,,,,bayer,gapless_ocl,w,,,,,/Users/seongcheoljeong/Sensor_DB_TechInsight/techinsights_html_download/html/reports/068_DEF-2210-801.html,/Users/seongcheoljeong/Sensor_DB_TechInsight/techinsights_html_download/html/pdfs/068_DEF-2210-801/SmartSens_SC850SL_DEF-2210-801.pdf,/Users/seongcheoljeong/FDTD/sensor_db/generated_stack_configs/def_2210_801_smartsens_sc850sl_csmnn00.json,/Users/seongcheoljeong/FDTD/sensor_db/generated_tcad_profiles/def_2210_801_smartsens_sc850sl_csmnn00/profile.json
DEF-2211-801,DEF,2022-12-19T00:00:00.000+00:00,2022,Stratio,BeyonSense 1,Camera,"Stratio BeyonSense 128×128 Resolution, 35 μm Pixel Pitch Ge-on-Si SWIR Image Sensor Device Essentials Folder",,swir_image_sensor,,,128,128,,,,,,,,,,,,,,,,,,standalone,1.0,,front_illuminated,,,,,,,,,,,,,,,,,,,,,/Users/seongcheoljeong/Sensor_DB_TechInsight/techinsights_html_download_missing_def_a6pf30000000GqhAAE/html/reports/019_DEF-2211-801.html,/Users/seongcheoljeong/Sensor_DB_TechInsight/techinsights_html_download_missing_def_a6pf30000000GqhAAE/html/pdfs/019_DEF-2211-801/Stratio_BeyonSense_SWIR_DEF-2211-801.pdf,,
DEF-2212-801,DEF,2023-02-14T00:00:00.000+00:00,2023,SmartSens,SC910GS,Image Sensor,SmartSens SC910GS Device Essentials Folder,,cmos_image_sensor,4.0,,,,"1/1.1""",2.3,4.3,,0.62,0.64,,,,,,,,,,,,standalone,,,back_illuminated,,,,,true,partial_depth_back_dti,1.6,,,,,dielectric,,bayer,gapless_ocl,tin,,,,,/Users/seongcheoljeong/Sensor_DB_TechInsight/techinsights_html_download/html/reports/066_DEF-2212-801.html,/Users/seongcheoljeong/Sensor_DB_TechInsight/techinsights_html_download/html/pdfs/066_DEF-2212-801/SmartSens_SC910GS_DEF-2212-801.pdf,/Users/seongcheoljeong/FDTD/sensor_db/generated_stack_configs/def_2212_801_smartsens_sc910gs.json,/Users/seongcheoljeong/FDTD/sensor_db/generated_tcad_profiles/def_2212_801_smartsens_sc910gs/profile.json
DEF-2212-802,DEF,2023-03-08T00:00:00.000+00:00,2023,Leopard Imaging Inc,LI-IMX728-9295,Automotive Camera,Sony IMX728 8.39 MP 2.1 μm Pixel Pitch Exmor RS Split Pix HDR LFM CMOS Image Sensor Device Essentials Folder,,cmos_image_sensor,2.1,8.39,,,"1/1.72""",4.1,1.9,,0.48,0.54,2.1,2.1,2.1,,,,,,,,,standalone,6.0,,back_illuminated,,,true,true,true,full_depth_front_dti,2.7,,,,,,,bayer,gapless_ocl,w,,true,,,/Users/seongcheoljeong/Sensor_DB_TechInsight/techinsights_html_download_missing_def_a6pf30000000GqhAAE/html/reports/016_DEF-2212-802.html,/Users/seongcheoljeong/Sensor_DB_TechInsight/techinsights_html_download_missing_def_a6pf30000000GqhAAE/html/pdfs/016_DEF-2212-802/Sony_IMX728_DEF-2212-802.pdf,/Users/seongcheoljeong/FDTD/sensor_db/generated_stack_configs/def_2212_802_leopard_imaging_inc_li_imx728_9295.json,/Users/seongcheoljeong/FDTD/sensor_db/generated_tcad_profiles/def_2212_802_leopard_imaging_inc_li_imx728_9295/profile.json
DEF-2212-803,DEF,2023-03-06T00:00:00.000+00:00,2023,Panasonic,MN34450_CIS,CMOS Image Sensor,Nuvoton (Panasonic) KM34450PLJ Device Essentials Folder,,cmos_image_sensor,4.3,48.0,,,,,4.3,,0.91,0.93,4.3,4.3,4.3,,,,,,,,,standalone,5.0,,front_illuminated,,,,,,,,,,,,,,bayer,ocl,tin,,,,,/Users/seongcheoljeong/Sensor_DB_TechInsight/techinsights_html_download/html/reports/064_DEF-2212-803.html,/Users/seongcheoljeong/Sensor_DB_TechInsight/techinsights_html_download/html/pdfs/064_DEF-2212-803/Nuvoton_KM34450PLJ_DEF-2212-803.pdf,/Users/seongcheoljeong/FDTD/sensor_db/generated_stack_configs/def_2212_803_panasonic_mn34450_cis.json,/Users/seongcheoljeong/FDTD/sensor_db/generated_tcad_profiles/def_2212_803_panasonic_mn34450_cis/profile.json
DEF-2212-804,DEF,2023-02-16T00:00:00.000+00:00,2023,Sony,IMX758,CMOS Image Sensor,Sony IMX758 50 MP 0.7 μm Pixel Pitch Exmor RS CMOS Image Sensor (vivo X90 Pro+ Telephoto Camera) Device Essentials Folder,,cmos_image_sensor,0.7,50.0,,,"1/2.4""",4.5,1.4,,0.46,0.59,0.7,1.4,0.7,,,,,,,,,quad_pixel,5.0,,back_illuminated,,vertical_transfer_gate,true,true,true,full_depth_front_dti,,,,,,,,quad_bayer,gapless_ocl,w,,,,true,/Users/seongcheoljeong/Sensor_DB_TechInsight/techinsights_html_download/html/reports/065_DEF-2212-804.html,/Users/seongcheoljeong/Sensor_DB_TechInsight/techinsights_html_download/html/pdfs/065_DEF-2212-804/Sony_IMX758_DEF-2212-804.pdf,/Users/seongcheoljeong/FDTD/sensor_db/generated_stack_configs/def_2212_804_sony_imx758.json,/Users/seongcheoljeong/FDTD/sensor_db/generated_tcad_profiles/def_2212_804_sony_imx758/profile.json
DEF-2304-801,DEF,2023-05-16T00:00:00.000+00:00,2023,Sony,IMX500,CMOS Image Sensor,Sony IMX500/IMX501 Device Essentials Folder,,cmos_image_sensor,1.55,,,,"1/2.3""",2.4,2.0,,0.48,0.5,1.55,1.55,1.55,,,,,,,,,quad_pixel,5.0,,back_illuminated,,,,true,true,full_depth_front_dti,,,,,,,,bayer,gapless_ocl,w,,,,,/Users/seongcheoljeong/Sensor_DB_TechInsight/techinsights_html_download/html/reports/062_DEF-2304-801.html,/Users/seongcheoljeong/Sensor_DB_TechInsight/techinsights_html_download/html/pdfs/062_DEF-2304-801/Sony_IMX500_DEF-2304-801.pdf,/Users/seongcheoljeong/FDTD/sensor_db/generated_stack_configs/def_2304_801_sony_imx500.json,/Users/seongcheoljeong/FDTD/sensor_db/generated_tcad_profiles/def_2304_801_sony_imx500/profile.json
DEF-2304-805,DEF,2023-04-27T00:00:00.000+00:00,2023,,,,TI 2020 Noteworthy Image Sensor Patents REDACTED – Sample Report,,cmos_image_sensor,,,,,,,,,,,,,,,,,,,,,,,,,,,,,,true,dti_present,,,,,,,,bayer,,tin,,true,,,/Users/seongcheoljeong/Sensor_DB_TechInsight/techinsights_html_download_missing_def_a6pf30000000GqhAAE/html/reports/011_DEF-2304-805.html,/Users/seongcheoljeong/Sensor_DB_TechInsight/techinsights_html_download_missing_def_a6pf30000000GqhAAE/html/pdfs/011_DEF-2304-805/TI 2020_Noteworthy_Image_Sensor_Patents_Vol_8_No_1_REDACTED.pdf,,
DEF-2304-806,DEF,2023-04-27T00:00:00.000+00:00,2023,,,,TI Image Sensor Design Win Tracker Volume 8 Issue 1 – Sample Report,,image_sensor,1.75,,,,"1/4""",,,,,,,,,,,,,,,,,,,,,,,,true,,,,,,,,,,,,,,,,,/Users/seongcheoljeong/Sensor_DB_TechInsight/techinsights_html_download_missing_def_a6pf30000000GqhAAE/html/reports/012_DEF-2304-806.html,/Users/seongcheoljeong/Sensor_DB_TechInsight/techinsights_html_download_missing_def_a6pf30000000GqhAAE/html/pdfs/012_DEF-2304-806/TI Image_Sensor_Design_Wins_Tracker_Volume_8_Issue_1.pdf,/Users/seongcheoljeong/FDTD/sensor_db/generated_stack_configs/def_2304_806.json,/Users/seongcheoljeong/FDTD/sensor_db/generated_tcad_profiles/def_2304_806/profile.json
DEF-2304-807,DEF,2023-05-30T00:00:00.000+00:00,2023,Samsung,S5KHP3SP_CIS,CMOS Image Sensor,Samsung S5KHP3SP 200 MP 0.56 µm Pixel Pitch BI ISOCELL Tetra2Pixel Super QPD CMOS Image Sensor Device Essentials Folder,,cmos_image_sensor,0.56,200.0,,,"1/1.4""",4.1,1.5,,0.66,0.72,1.12,2.24,1.12,,,,,,,,,super_qpd,,,back_illuminated,,vertical_transfer_gate,,,true,full_depth_front_dti,,,,,polysilicon,dielectric,,bayer,gapless_ocl,tin,,,,true,/Users/seongcheoljeong/Sensor_DB_TechInsight/techinsights_html_download/html/reports/061_DEF-2304-807.html,/Users/seongcheoljeong/Sensor_DB_TechInsight/techinsights_html_download/html/pdfs/061_DEF-2304-807/Samsung_S5KHP3SP_DEF-2304-807.pdf,/Users/seongcheoljeong/FDTD/sensor_db/generated_stack_configs/def_2304_807_samsung_s5khp3sp_cis.json,/Users/seongcheoljeong/FDTD/sensor_db/generated_tcad_profiles/def_2304_807_samsung_s5khp3sp_cis/profile.json
DEF-2305-802,DEF,2023-07-25T00:00:00.000+00:00,2023,OmniVision,OS12D40-J08A-001A_CIS,CMOS Image Sensor,OmniVision OS12D40 Device Essentials Folder,,cmos_image_sensor,1.4,11.3,,,"1/2.49""",2.9,1.7,,0.64,0.68,1.4,2.8,1.4,,,,,,,,,four_shared,2.0,,back_illuminated,,,true,,true,partial_depth_back_dti,1.7,,,,,,,bayer,gapless_ocl,tin,,,,,/Users/seongcheoljeong/Sensor_DB_TechInsight/techinsights_html_download/html/reports/058_DEF-2305-802.html,/Users/seongcheoljeong/Sensor_DB_TechInsight/techinsights_html_download/html/pdfs/058_DEF-2305-802/OmniVision_OS12D40_DEF-2305-802.pdf,/Users/seongcheoljeong/FDTD/sensor_db/generated_stack_configs/def_2305_802_omnivision_os12d40_j08a_001a_cis.json,/Users/seongcheoljeong/FDTD/sensor_db/generated_tcad_profiles/def_2305_802_omnivision_os12d40_j08a_001a_cis/profile.json
DEF-2305-803,DEF,2023-06-16T00:00:00.000+00:00,2023,Sony,XQ-DQ72_Dual-Rear-Cam2_CIS,CMOS Image Sensor,"Sony 1/1.35” Format, 48 MP, 1.12 μm Pixel Pitch, Stacked Back-Illuminated (Exmor T – 2 Layer Transistor Pixel) CMOS Image Sensor with Dual Photodiode (OctaPD) Device Essentials Folder",,cmos_image_sensor,1.12,48.0,,,"1/1.35""",4.4,1.6,,0.48,0.56,1.12,2.24,1.12,,,,,,,,,quad_pixel,3.0,,back_illuminated,,,true,true,true,back_dti,,,,,,,,quad_bayer,gapless_ocl,w,,,,true,/Users/seongcheoljeong/Sensor_DB_TechInsight/techinsights_html_download/html/reports/060_DEF-2305-803.html,/Users/seongcheoljeong/Sensor_DB_TechInsight/techinsights_html_download/html/pdfs/060_DEF-2305-803/Sony_XQ-DQ72_Dual-Rear-Cam2_ExmorT_DEF-2305-803.pdf,/Users/seongcheoljeong/FDTD/sensor_db/generated_stack_configs/def_2305_803_sony_xq_dq72_dual_rear_cam2_cis.json,/Users/seongcheoljeong/FDTD/sensor_db/generated_tcad_profiles/def_2305_803_sony_xq_dq72_dual_rear_cam2_cis/profile.json
DEF-2305-805,DEF,2023-08-17T00:00:00.000+00:00,2023,Sony,IMX675,CMOS Image Sensor,"Sony IMX675, 1/2.8"" Format, 5.12MP Resolution, 2.0μm Pixel Pitch, Stacked Back-Illuminated CMOS Image Sensor with STARVIS 2 Technology Device Essentials Summary",,cmos_image_sensor,2.0,5.12,,,"1/2.8""",6.0,2.3,,0.32,0.53,2.0,2.0,2.0,,,,,,,,,standalone,5.0,,back_illuminated,,vertical_transfer_gate,true,true,true,full_depth_front_dti,2.1,,,,,,,bayer,gapless_ocl,w,,,,,/Users/seongcheoljeong/Sensor_DB_TechInsight/techinsights_html_download/html/reports/057_DEF-2305-805.html,/Users/seongcheoljeong/Sensor_DB_TechInsight/techinsights_html_download/html/pdfs/057_DEF-2305-805/Sony_IMX675_DEF-2305-805.pdf,/Users/seongcheoljeong/FDTD/sensor_db/generated_stack_configs/def_2305_805_sony_imx675.json,/Users/seongcheoljeong/FDTD/sensor_db/generated_tcad_profiles/def_2305_805_sony_imx675/profile.json
DEF-2306-802,DEF,2023-09-12T00:00:00.000+00:00,2023,Unknown,AT-OX03D4C-5183YUV-VBO_Cam,Image Sensor,"OmniVision OX03D4C, 1/4″ Format, 3.0MP Resolution, 2.1μm Pixel Pitch, Stacked Back-Illuminated CMOS Image Sensor Device Essentials Folder",,cmos_image_sensor,2.1,3.0,,,"1/4""",2.9,1.4,,0.55,0.59,0.7,2.1,0.7,,,,,,,,,standalone,13.0,2,back_illuminated,,vertical_transfer_gate,true,true,true,partial_depth_back_dti,2.1,,,,,,,,gapless_ocl,w,,true,,,/Users/seongcheoljeong/Sensor_DB_TechInsight/techinsights_html_download/html/reports/055_DEF-2306-802.html,/Users/seongcheoljeong/Sensor_DB_TechInsight/techinsights_html_download/html/pdfs/055_DEF-2306-802/OmniVision_OX03D4C_DEF-2306-802.pdf,/Users/seongcheoljeong/FDTD/sensor_db/generated_stack_configs/def_2306_802_unknown_at_ox03d4c_5183yuv_vbo_cam.json,/Users/seongcheoljeong/FDTD/sensor_db/generated_tcad_profiles/def_2306_802_unknown_at_ox03d4c_5183yuv_vbo_cam/profile.json
DEF-2306-803,DEF,2023-09-14T00:00:00.000+00:00,2023,Sony,IMX715,CMOS Image Sensor,"Sony IMX715, 1/2.8” Format, 8.4MP, 1.45μm Pixel Pitch, Stacked Back-Illuminated (STARVIS Exmor RS) CMOS Image Sensor Device Essentials Folder",,cmos_image_sensor,1.45,8.4,,,"1/2.8""",6.1,2.2,,0.38,0.48,1.45,1.45,1.45,,,,,,,,,quad_pixel,75.0,,back_illuminated,,,true,true,true,full_depth_front_dti,,,,,,,,quad_bayer,gapless_ocl,w,,,,,/Users/seongcheoljeong/Sensor_DB_TechInsight/techinsights_html_download/html/reports/054_DEF-2306-803.html,/Users/seongcheoljeong/Sensor_DB_TechInsight/techinsights_html_download/html/pdfs/054_DEF-2306-803/Sony_IMX715_DEF-2306-803.pdf,/Users/seongcheoljeong/FDTD/sensor_db/generated_stack_configs/def_2306_803_sony_imx715.json,/Users/seongcheoljeong/FDTD/sensor_db/generated_tcad_profiles/def_2306_803_sony_imx715/profile.json
DEF-2307-801,DEF,2023-09-05T00:00:00.000+00:00,2023,SK Hynix,Hi-5021Q,CMOS Image Sensor,SK hynix Hi-5021Q Device Essentials Folder,,cmos_image_sensor,0.7,50.0,,,"1/2.55""",3.6,1.4,,,,0.7,1.4,0.7,,,,,,,,,eight_shared,1.5,,back_illuminated,,,true,true,true,full_depth_front_dti,2.3,,,,,,,bayer,gapless_ocl,w,,,,true,/Users/seongcheoljeong/Sensor_DB_TechInsight/techinsights_html_download/html/reports/056_DEF-2307-801.html,/Users/seongcheoljeong/Sensor_DB_TechInsight/techinsights_html_download/html/pdfs/056_DEF-2307-801/SK hynix_Hi-5021Q_DEF-2307-801.pdf,/Users/seongcheoljeong/FDTD/sensor_db/generated_stack_configs/def_2307_801_sk_hynix_hi_5021q.json,/Users/seongcheoljeong/FDTD/sensor_db/generated_tcad_profiles/def_2307_801_sk_hynix_hi_5021q/profile.json
DEF-2308-801,DEF,2023-10-06T00:00:00.000+00:00,2023,Fujifilm,X-H2s,Camera,"Sony IMX695AFR, Advanced Photo System Type-C (APS-C) Format, 26.1MP Resolution, 3.77μm Pixel Pitch, Stacked Back-Illuminated CMOS Image Sensor Device Essentials Folder",,cmos_image_sensor,3.77,26.1,,,APS-C,2.8,6.2,,0.37,0.66,3.77,,3.77,,,,,,,,,two_shared,4.0,,back_illuminated,,,true,,,,,,,,,,,,gapless_ocl,w,,,,,/Users/seongcheoljeong/Sensor_DB_TechInsight/techinsights_html_download_missing_def_a6pf30000000GqhAAE/html/reports/007_DEF-2308-801.html,/Users/seongcheoljeong/Sensor_DB_TechInsight/techinsights_html_download_missing_def_a6pf30000000GqhAAE/html/pdfs/007_DEF-2308-801/Sony_IMX695AFR_DEF-2308-801.pdf,/Users/seongcheoljeong/FDTD/sensor_db/generated_stack_configs/def_2308_801_fujifilm_x_h2s.json,/Users/seongcheoljeong/FDTD/sensor_db/generated_tcad_profiles/def_2308_801_fujifilm_x_h2s/profile.json
DEF-2308-803,DEF,2024-01-11T00:00:00.000+00:00,2024,,,,"Gpixel GSENSE400BSI, 2.0”, 4.2MP Resolution, 11.2μm Pixel Pitch Back-Illuminated CMOS Image Sensor Device Essentials Folder",,cmos_image_sensor,11.2,4.2,,,,10.5,,,,,,,,,,,,,,,,standalone,,,back_illuminated,,,,,,,,,,,,,,,,tin,,,,,/Users/seongcheoljeong/Sensor_DB_TechInsight/techinsights_html_download_missing_def_a6pf30000000GqhAAE/html/reports/006_DEF-2308-803.html,/Users/seongcheoljeong/Sensor_DB_TechInsight/techinsights_html_download_missing_def_a6pf30000000GqhAAE/html/pdfs/006_DEF-2308-803/GPixel_GSENSE400BSI_DEF-2308-803.pdf,/Users/seongcheoljeong/FDTD/sensor_db/generated_stack_configs/def_2308_803.json,/Users/seongcheoljeong/FDTD/sensor_db/generated_tcad_profiles/def_2308_803/profile.json
DEF-2308-804,DEF,2023-10-30T00:00:00.000+00:00,2023,Sony,IMX623,CMOS Image Sensor,"Sony IMX623, 1/2.42” Format, 2.95MP, 3.0μm Pixel Pitch, Stacked Back-Illuminated (Exmor RS) Split Pixel Technology HDR and LFM CMOS Image Sensor Device Essentials Folder",,cmos_image_sensor,3.0,2.95,,,"1/2.42""",3.0,2.5,,0.5,0.63,,,,,,,,,,,,standalone,7.0,,back_illuminated,,vertical_transfer_gate,true,true,true,full_depth_front_dti,,,,,,,,bayer,gapless_ocl,w,,true,,,/Users/seongcheoljeong/Sensor_DB_TechInsight/techinsights_html_download/html/reports/051_DEF-2308-804.html,/Users/seongcheoljeong/Sensor_DB_TechInsight/techinsights_html_download/html/pdfs/051_DEF-2308-804/Sony_IMX623_DEF-2308-804.pdf,/Users/seongcheoljeong/FDTD/sensor_db/generated_stack_configs/def_2308_804_sony_imx623.json,/Users/seongcheoljeong/FDTD/sensor_db/generated_tcad_profiles/def_2308_804_sony_imx623/profile.json
DEF-2309-801,DEF,2023-11-07T00:00:00.000+00:00,2023,STMicroelectronics,5940AA_CIS,CMOS Image Sensor,"STMicroelectronics VB1940, 1/2.5″ Format, 5.1MP Resolution, 2.25μm Pixel Pitch, Stacked Back-Illuminated RGB/NIR CMOS Image Sensor Device Essentials Folder",,global_shutter_cis,2.25,5.1,,,"1/2.5""",5.6,3.5,,0.65,0.82,2.25,2.25,,,,,,,,,,standalone,7.0,,back_illuminated,global,,true,true,true,full_depth_front_dti,5.6,0.24,240.0,,oxide,,,,gapless_ocl,w,,,,,/Users/seongcheoljeong/Sensor_DB_TechInsight/techinsights_html_download/html/reports/050_DEF-2309-801.html,/Users/seongcheoljeong/Sensor_DB_TechInsight/techinsights_html_download/html/pdfs/050_DEF-2309-801/STMicroelectronics_VB1940_DEF-2309-801.pdf,/Users/seongcheoljeong/FDTD/sensor_db/generated_stack_configs/def_2309_801_stmicroelectronics_5940aa_cis.json,/Users/seongcheoljeong/FDTD/sensor_db/generated_tcad_profiles/def_2309_801_stmicroelectronics_5940aa_cis/profile.json
DEF-2310-801,DEF,2023-11-24T00:00:00.000+00:00,2023,ams OSRAM,Mira050-1QM1WB_FT_SE,Image Sensors,"ams OSRAM Mira050, 1/7″ Format, 0.5MP Resolution, 2.79μm Pixel Pitch Stacked Back-Illuminated NIR Enhanced Voltage Domain Global Shutter CMOS Image Sensor Device Essentials Folder",,global_shutter_cis,2.79,0.5,,,,6.0,3.0,,,,2.79,,2.79,,,,,,,,,standalone,9.0,,back_illuminated,global,,true,true,true,partial_depth_back_dti,4.2,,,,,,,,gapless_ocl,w,,,,,/Users/seongcheoljeong/Sensor_DB_TechInsight/techinsights_html_download/html/reports/048_DEF-2310-801.html,/Users/seongcheoljeong/Sensor_DB_TechInsight/techinsights_html_download/html/pdfs/048_DEF-2310-801/ams_OSRAM_Mira050_DEF-2310-801.pdf,/Users/seongcheoljeong/FDTD/sensor_db/generated_stack_configs/def_2310_801_ams_osram_mira050_1qm1wb_ft_se.json,/Users/seongcheoljeong/FDTD/sensor_db/generated_tcad_profiles/def_2310_801_ams_osram_mira050_1qm1wb_ft_se/profile.json
DEF-2310-802,DEF,2023-11-24T00:00:00.000+00:00,2023,ON Semi,AR0823_ISP,Image Processor,"onsemi AR0823AT, 1/1.8″ Format, 8.3MP Resolution, 2.1μm Pixel Pitch, Stacked Back-Illuminated HDR and LFM CMOS Image Sensor (Hyperlux(TM) Super-Exposure Pixel Sensor) Device Essentials Folder",,nir_cis,2.1,8.3,,,"1/1.8""",3.1,1.9,,0.6,0.69,2.1,2.1,,,,,,,,,,standalone,6.0,,back_illuminated,,,true,true,true,partial_depth_back_dti,1.4,,,,,,,bayer,gapless_ocl,tin,,true,true,,/Users/seongcheoljeong/Sensor_DB_TechInsight/techinsights_html_download_devices_a6pf30000000GqhAAE/html/reports/014_DEF-2310-802.html,/Users/seongcheoljeong/Sensor_DB_TechInsight/techinsights_html_download_devices_a6pf30000000GqhAAE/html/pdfs/014_DEF-2310-802/onsemi_AR0823AT_DEF-2310-802.pdf,/Users/seongcheoljeong/FDTD/sensor_db/generated_stack_configs/def_2310_802_on_semi_ar0823_isp.json,/Users/seongcheoljeong/FDTD/sensor_db/generated_tcad_profiles/def_2310_802_on_semi_ar0823_isp/profile.json
DEF-2310-803,DEF,2023-11-20T00:00:00.000+00:00,2023,Sony,IMX904,CMOS Image Sensor,iPhone 15 Rear Camera (Sony 2-layer) Device Essentials Folder,,cmos_image_sensor,1.0,48.0,,,"1/1.56""",4.3,1.8,,0.52,0.59,1.0,2.0,1.0,,,,,,,,,quad_pixel,75.0,,back_illuminated,,,true,true,true,full_depth_front_dti,,,,,oxide,,,quad_bayer,gapless_ocl,w,,,,true,/Users/seongcheoljeong/Sensor_DB_TechInsight/techinsights_html_download/html/reports/049_DEF-2310-803.html,/Users/seongcheoljeong/Sensor_DB_TechInsight/techinsights_html_download/html/pdfs/049_DEF-2310-803/Sony_A2846_Dual-Rear-Cam2_ExmorT_DEF-2310-803.pdf,/Users/seongcheoljeong/FDTD/sensor_db/generated_stack_configs/def_2310_803_sony_imx904.json,/Users/seongcheoljeong/FDTD/sensor_db/generated_tcad_profiles/def_2310_803_sony_imx904/profile.json
DEF-2312-801,DEF,2024-02-06T00:00:00.000+00:00,2024,Samsung,S5KGM5SX_CIS,CMOS Image Sensor,"Samsung ISOCELL GM5 (S5KGM5SX) 1/2.55”, 48MP, 0.70µm Pixel Pitch, Stacked Back-Illuminated, Tetrapixel, and Super-PD CMOS Image Sensor Device Essentials Folder",,cmos_image_sensor,0.7,48.0,,,"1/2.55""",3.8,1.3,,0.58,0.64,0.7,1.4,0.7,,,,,,,,,four_shared,5.0,,back_illuminated,,vertical_transfer_gate,true,true,true,full_depth_front_dti,,,,,polysilicon,dielectric,,bayer,gapless_ocl,tin,,,,true,/Users/seongcheoljeong/Sensor_DB_TechInsight/techinsights_html_download/html/reports/047_DEF-2312-801.html,/Users/seongcheoljeong/Sensor_DB_TechInsight/techinsights_html_download/html/pdfs/047_DEF-2312-801/Samsung_S5KGM5SX_DEF-2312-801.pdf,/Users/seongcheoljeong/FDTD/sensor_db/generated_stack_configs/def_2312_801_samsung_s5kgm5sx_cis.json,/Users/seongcheoljeong/FDTD/sensor_db/generated_tcad_profiles/def_2312_801_samsung_s5kgm5sx_cis/profile.json
DEF-2312-802,DEF,2024-01-31T00:00:00.000+00:00,2024,SK Hynix,Hi-5022Q,,"SK Hynix Hi-5022Q, 1/2.8″ Format, 50MP Resolution, 0.64μm Pixel Pitch, Stacked Back-Illuminated CMOS Image Sensor Device Essentials Folder",,cmos_image_sensor,0.64,50.0,,,"1/2.8""",3.7,1.4,,0.54,0.69,0.64,1.28,0.64,,,,,,,,,quad_pixel,1.5,,back_illuminated,,,true,true,true,full_depth_front_dti,2.7,,,,,,,quad_bayer,gapless_ocl,w,,,,true,/Users/seongcheoljeong/Sensor_DB_TechInsight/techinsights_html_download_missing_def_a6pf30000000GqhAAE/html/reports/005_DEF-2312-802.html,/Users/seongcheoljeong/Sensor_DB_TechInsight/techinsights_html_download_missing_def_a6pf30000000GqhAAE/html/pdfs/005_DEF-2312-802/SK hynix_Hi-5022Q_DEF-2312-802.pdf,/Users/seongcheoljeong/FDTD/sensor_db/generated_stack_configs/def_2312_802_sk_hynix_hi_5022q.json,/Users/seongcheoljeong/FDTD/sensor_db/generated_tcad_profiles/def_2312_802_sk_hynix_hi_5022q/profile.json
DEF-2401-801,DEF,2024-02-22T00:00:00.000+00:00,2024,Galaxycore Inc,KJ5n_Front-Cam_CIS,CMOS Image Sensor,"Galaxycore GC32E1 1/3.1”, 32MP, 0.70µm Pixel Pitch, Back-Illuminated, CMOS Image Sensor Device Essentials Folder",,cmos_image_sensor,0.7,32.0,,,"1/3.1""",2.7,1.4,,0.42,0.67,0.7,1.4,0.7,,,,,,,,,quad_pixel,5.0,,back_illuminated,,,,,true,partial_depth_back_dti,,,,,,,,quad_bayer,gapless_ocl,tin,,,,,/Users/seongcheoljeong/Sensor_DB_TechInsight/techinsights_html_download/html/reports/046_DEF-2401-801.html,/Users/seongcheoljeong/Sensor_DB_TechInsight/techinsights_html_download/html/pdfs/046_DEF-2401-801/Galaxycore_GC32E1_DEF-2401-801.pdf,/Users/seongcheoljeong/FDTD/sensor_db/generated_stack_configs/def_2401_801_galaxycore_inc_kj5n_front_cam_cis.json,/Users/seongcheoljeong/FDTD/sensor_db/generated_tcad_profiles/def_2401_801_galaxycore_inc_kj5n_front_cam_cis/profile.json
DEF-2401-802,DEF,2024-04-19T00:00:00.000+00:00,2024,ON Semi,AR0341AT,CMOS Image Sensor,onsemi AR0341AT 3MP 2.1µm Pixel HDR and LFM CMOS Image Sensor Device Essentials Folder,,cmos_image_sensor,2.1,3.0,,,"1/3.6""",3.0,1.8,,0.53,0.67,2.1,2.1,,,,,,,,,,standalone,6.0,,back_illuminated,rolling,,true,true,true,partial_depth_back_dti,0.6,,,,,,,bayer,gapless_ocl,w,,true,true,,/Users/seongcheoljeong/Sensor_DB_TechInsight/techinsights_html_download/html/reports/044_DEF-2401-802.html,/Users/seongcheoljeong/Sensor_DB_TechInsight/techinsights_html_download/html/pdfs/044_DEF-2401-802/onsemi_AR0341AT_DEF-2401-802.pdf,/Users/seongcheoljeong/FDTD/sensor_db/generated_stack_configs/def_2401_802_on_semi_ar0341at.json,/Users/seongcheoljeong/FDTD/sensor_db/generated_tcad_profiles/def_2401_802_on_semi_ar0341at/profile.json
DEF-2401-803,DEF,2024-02-26T00:00:00.000+00:00,2024,Prophesee,PEK3X320CDMP_Cam_CIS,CMOS Image Sensor,"Prophesee GenX320ES, 1/5.0″ Format, 320×320 Pixels, 6.3μm Pixel Pitch, Stacked Back-Illuminated Event-Based Metavision® Sensor Device Essentials Folder",,event_image_sensor,6.3,,320,320,"1/5.0""",5.8,4.6,,,,3.15,,,,,,,,,,,standalone,5.0,,back_illuminated,,,true,true,true,full_depth_front_dti,,,,,polysilicon,,,,gapless_ocl,w,,,,,/Users/seongcheoljeong/Sensor_DB_TechInsight/techinsights_html_download/html/reports/045_DEF-2401-803.html,/Users/seongcheoljeong/Sensor_DB_TechInsight/techinsights_html_download/html/pdfs/045_DEF-2401-803/Prophesee GenX320_DEF-2401-803.pdf,/Users/seongcheoljeong/FDTD/sensor_db/generated_stack_configs/def_2401_803_prophesee_pek3x320cdmp_cam_cis.json,/Users/seongcheoljeong/FDTD/sensor_db/generated_tcad_profiles/def_2401_803_prophesee_pek3x320cdmp_cam_cis/profile.json
DEF-2402-804,DEF,2024-05-27T00:00:00.000+00:00,2024,Canon,LI5030SAC,Image Sensors,Canon LI5030SAC Device Essentials Folder,,global_shutter_cis,6.4,,,,,,9.4,,,,6.4,6.4,,,,,,,,,,standalone,,,front_illuminated,global,,,,,,,,,,,,,bayer,gapless_ocl,tin,,,,,/Users/seongcheoljeong/Sensor_DB_TechInsight/techinsights_html_download/html/reports/041_DEF-2402-804.html,/Users/seongcheoljeong/Sensor_DB_TechInsight/techinsights_html_download/html/pdfs/041_DEF-2402-804/Canon LI5030SAC DEF-2402-804.pdf,/Users/seongcheoljeong/FDTD/sensor_db/generated_stack_configs/def_2402_804_canon_li5030sac.json,/Users/seongcheoljeong/FDTD/sensor_db/generated_tcad_profiles/def_2402_804_canon_li5030sac/profile.json
DEF-2403-801,DEF,2024-05-03T00:00:00.000+00:00,2024,OmniVision,OV50H,CMOS Image Sensor,OmniVision 0V50H 50MP 1.2 μm Pixel PureCel Plus-S CMOS Image Sensor Device Essentials Folder,,cmos_image_sensor,1.2,50.0,,,"1/1.3""",3.0,2.0,,0.62,0.78,2.4,2.4,2.4,,,,,,,,,quad_pixel,2.0,,back_illuminated,,,true,,true,partial_depth_back_dti,2.1,,,,,,,bayer,gapless_ocl,tin,,,,true,/Users/seongcheoljeong/Sensor_DB_TechInsight/techinsights_html_download/html/reports/043_DEF-2403-801.html,/Users/seongcheoljeong/Sensor_DB_TechInsight/techinsights_html_download/html/pdfs/043_DEF-2403-801/OmniVision_OV50H_DEF-2403-801.pdf,/Users/seongcheoljeong/FDTD/sensor_db/generated_stack_configs/def_2403_801_omnivision_ov50h.json,/Users/seongcheoljeong/FDTD/sensor_db/generated_tcad_profiles/def_2403_801_omnivision_ov50h/profile.json
DEF-2404-802,DEF,2024-06-20T00:00:00.000+00:00,2024,OmniVision,OX08D10,CMOS Image Sensor,Omnivision OX08D10 Device Essentials Folder,,cmos_image_sensor,2.1,8.0,,,"1/1.73""",3.0,2.8,,0.64,0.78,2.1,2.1,2.1,,,,,,,,,standalone,7.0,,back_illuminated,,,true,true,true,partial_depth_back_dti,2.0,,,,,,,bayer,gapless_ocl,w,,true,true,,/Users/seongcheoljeong/Sensor_DB_TechInsight/techinsights_html_download/html/reports/040_DEF-2404-802.html,/Users/seongcheoljeong/Sensor_DB_TechInsight/techinsights_html_download/html/pdfs/040_DEF-2404-802/OmniVision_OX08D10_DEF-2404-802.pdf,/Users/seongcheoljeong/FDTD/sensor_db/generated_stack_configs/def_2404_802_omnivision_ox08d10.json,/Users/seongcheoljeong/FDTD/sensor_db/generated_tcad_profiles/def_2404_802_omnivision_ox08d10/profile.json
DEF-2405-801,DEF,2024-07-23T00:00:00.000+00:00,2024,Samsung,S5K1H1SB_CIS,CMOS Image Sensor,Samsung ISOCELL Auto 1H1 (S5K1H1SB) Device Essentials Folder,,cmos_image_sensor,2.1,8.3,,,"1/1.7""",2.9,1.8,,0.46,0.58,2.1,2.1,2.1,,,,,,,,,standalone,8.0,,back_illuminated,,vertical_transfer_gate,true,,true,full_depth_front_dti,,,,,polysilicon,,,bayer,gapless_ocl,w,,true,,,/Users/seongcheoljeong/Sensor_DB_TechInsight/techinsights_html_download/html/reports/037_DEF-2405-801.html,/Users/seongcheoljeong/Sensor_DB_TechInsight/techinsights_html_download/html/pdfs/037_DEF-2405-801/Samsung_S5K1H1_DEF-2405-801.pdf,/Users/seongcheoljeong/FDTD/sensor_db/generated_stack_configs/def_2405_801_samsung_s5k1h1sb_cis.json,/Users/seongcheoljeong/FDTD/sensor_db/generated_tcad_profiles/def_2405_801_samsung_s5k1h1sb_cis/profile.json
DEF-2405-802,DEF,2024-06-26T00:00:00.000+00:00,2024,OmniVision,OV50K,CMOS Image Sensor,OmniVision OV50K Device Essentials Folder,,cmos_image_sensor,1.2,50.0,,,"1/1.3""",2.9,2.4,,0.68,0.77,2.4,2.4,2.4,,,,,,,,,quad_pixel,2.25,,back_illuminated,,,true,true,true,partial_depth_back_dti,2.0,,,,,,,bayer,gapless_ocl,w,,true,true,true,/Users/seongcheoljeong/Sensor_DB_TechInsight/techinsights_html_download/html/reports/039_DEF-2405-802.html,/Users/seongcheoljeong/Sensor_DB_TechInsight/techinsights_html_download/html/pdfs/039_DEF-2405-802/OmniVision OV50K DEF-2405-802.pdf,/Users/seongcheoljeong/FDTD/sensor_db/generated_stack_configs/def_2405_802_omnivision_ov50k.json,/Users/seongcheoljeong/FDTD/sensor_db/generated_tcad_profiles/def_2405_802_omnivision_ov50k/profile.json
DEF-2405-803,DEF,2024-07-12T00:00:00.000+00:00,2024,Sony,IMX681,CMOS Image Sensor,Sony IMX681 Device Essentials Folder,,cmos_image_sensor,1.0,12.0,,,,3.6,1.7,,0.58,0.68,1.0,1.0,1.0,,,,,,,,,eight_shared,1.5,,back_illuminated,,,true,true,true,full_depth_front_dti,,,,,,,,bayer,gapless_ocl,w,,,,,/Users/seongcheoljeong/Sensor_DB_TechInsight/techinsights_html_download/html/reports/038_DEF-2405-803.html,/Users/seongcheoljeong/Sensor_DB_TechInsight/techinsights_html_download/html/pdfs/038_DEF-2405-803/Sony_IMX681_DEF-2405-803.pdf,/Users/seongcheoljeong/FDTD/sensor_db/generated_stack_configs/def_2405_803_sony_imx681.json,/Users/seongcheoljeong/FDTD/sensor_db/generated_tcad_profiles/def_2405_803_sony_imx681/profile.json
DEF-2407-802,DEF,2024-09-27T00:00:00.000+00:00,2024,SmartSens,SC100AT-CS1AF00,Image Sensors,SmartSens SC100AT Device Essentials Folder,,cmos_image_sensor,3.0,1.3,,,"1/3.7""",2.3,2.8,0.58,0.58,0.74,3.0,3.0,3.0,,,,,,,,,standalone,5.0,,back_illuminated,,,,,,,,,,,,,,bayer,gapless_ocl,w,,true,,,/Users/seongcheoljeong/Sensor_DB_TechInsight/techinsights_html_download/html/reports/035_DEF-2407-802.html,/Users/seongcheoljeong/Sensor_DB_TechInsight/techinsights_html_download/html/pdfs/035_DEF-2407-802/SmartSens_SC100AT_DEF-2407-802.pdf,/Users/seongcheoljeong/FDTD/sensor_db/generated_stack_configs/def_2407_802_smartsens_sc100at_cs1af00.json,/Users/seongcheoljeong/FDTD/sensor_db/generated_tcad_profiles/def_2407_802_smartsens_sc100at_cs1af00/profile.json
DEF-2407-803,DEF,2024-09-23T00:00:00.000+00:00,2024,Nikon,Nikon Z6 III,Digital Camera,Sony IMX820 (partially stacked image sensor) Device Essentials Folder,,cmos_image_sensor,5.9,,,,,2.7,9.2,0.97,0.97,1.1,5.9,5.9,5.9,,,,,,,,,two_shared,5.5,,back_illuminated,rolling,,true,,true,full_depth_front_dti,,,,,,,,bayer,gapless_ocl,w,,,,true,/Users/seongcheoljeong/Sensor_DB_TechInsight/techinsights_html_download_missing_def_a6pf30000000GqhAAE/html/reports/004_DEF-2407-803.html,/Users/seongcheoljeong/Sensor_DB_TechInsight/techinsights_html_download_missing_def_a6pf30000000GqhAAE/html/pdfs/004_DEF-2407-803/Sony_IMX820_DEF-2407-803.pdf,/Users/seongcheoljeong/FDTD/sensor_db/generated_stack_configs/def_2407_803_nikon_nikon_z6_iii.json,/Users/seongcheoljeong/FDTD/sensor_db/generated_tcad_profiles/def_2407_803_nikon_nikon_z6_iii/profile.json
DEF-2408-802,DEF,2024-10-07T00:00:00.000+00:00,2024,SmartSens,SC535HGS,CMOS Image Sensor,SmartSens SC535HGS (3rd Gen Global Shutter) Device Essentials Folder,,global_shutter_cis,3.4,4.0,,,"2/3""",4.0,2.4,,,,,,,,,,,,,,,standalone,9.0,,back_illuminated,global,,,,true,partial_depth_back_dti,2.0,,,,,,,monochrome,gapless_ocl,w,,true,,,/Users/seongcheoljeong/Sensor_DB_TechInsight/techinsights_html_download/html/reports/034_DEF-2408-802.html,/Users/seongcheoljeong/Sensor_DB_TechInsight/techinsights_html_download/html/pdfs/034_DEF-2408-802/SmartSens_SC535HGS_DEF-2408-802.pdf,/Users/seongcheoljeong/FDTD/sensor_db/generated_stack_configs/def_2408_802_smartsens_sc535hgs.json,/Users/seongcheoljeong/FDTD/sensor_db/generated_tcad_profiles/def_2408_802_smartsens_sc535hgs/profile.json
DEF-2409-801,DEF,2024-10-29T00:00:00.000+00:00,2024,Samsung,JN5,CMOS Image Sensor,Samsung ISOCELL JN5 Device Essentials Folder,,cmos_image_sensor,0.64,50.0,,,"1/2.76""",3.9,1.6,,0.49,0.59,1.28,1.28,1.28,,,,,,,,,super_qpd,3.0,,back_illuminated,,dual_vertical_transfer_gate,true,,true,full_depth_front_dti,,,,,polysilicon,dielectric,,bayer,gapless_ocl,tin,,,,true,/Users/seongcheoljeong/Sensor_DB_TechInsight/techinsights_html_download/html/reports/032_DEF-2409-801.html,/Users/seongcheoljeong/Sensor_DB_TechInsight/techinsights_html_download/html/pdfs/032_DEF-2409-801/Samsung_JN5_DEF-2409-801.pdf,/Users/seongcheoljeong/FDTD/sensor_db/generated_stack_configs/def_2409_801_samsung_jn5.json,/Users/seongcheoljeong/FDTD/sensor_db/generated_tcad_profiles/def_2409_801_samsung_jn5/profile.json
DEF-2409-803,DEF,2024-11-12T00:00:00.000+00:00,2024,Samsung,S5KGNJSP03_CIS,CMOS Image Sensor,Samsung ISOCELL GNJ (S5KGNJ) Device Essentials Folder,,cmos_image_sensor,1.0,50.0,,,"1/1.56""",4.2,1.5,,0.6,0.69,1.0,1.0,1.0,,,,,,,,,super_qpd,5.0,4,back_illuminated,,dual_vertical_transfer_gate,true,,true,full_depth_front_dti,,,,,new_material_unspecified,,,bayer,high_precision,tin,,true,,true,/Users/seongcheoljeong/Sensor_DB_TechInsight/techinsights_html_download/html/reports/031_DEF-2409-803.html,/Users/seongcheoljeong/Sensor_DB_TechInsight/techinsights_html_download/html/pdfs/031_DEF-2409-803/Samsung GNJ DEF-2409-803.pdf,/Users/seongcheoljeong/FDTD/sensor_db/generated_stack_configs/def_2409_803_samsung_s5kgnjsp03_cis.json,/Users/seongcheoljeong/FDTD/sensor_db/generated_tcad_profiles/def_2409_803_samsung_s5kgnjsp03_cis/profile.json
DEF-2409-804,DEF,2024-10-25T00:00:00.000+00:00,2024,Sony,IMX972,CMOS Image Sensor,Sony IMX972 Device Essentials Folder,,cmos_image_sensor,0.7,48.0,,,"1/2.55""",4.5,1.5,,0.51,0.64,0.7,1.4,0.7,,,,,,,,,quad_pixel,,,back_illuminated,,,true,true,true,full_depth_front_dti,,,,,,,,quad_bayer,gapless_ocl,w,,,,true,/Users/seongcheoljeong/Sensor_DB_TechInsight/techinsights_html_download/html/reports/033_DEF-2409-804.html,/Users/seongcheoljeong/Sensor_DB_TechInsight/techinsights_html_download/html/pdfs/033_DEF-2409-804/Sony_IMX972_DEF-2409-804.pdf,/Users/seongcheoljeong/FDTD/sensor_db/generated_stack_configs/def_2409_804_sony_imx972.json,/Users/seongcheoljeong/FDTD/sensor_db/generated_tcad_profiles/def_2409_804_sony_imx972/profile.json
DEF-2410-802,DEF,2024-12-17T00:00:00.000+00:00,2024,Sony,IMX900,CMOS Image Sensor,Sony IMX900 Device Essentials Folder,,global_shutter_cis,2.25,3.2,,,"1/3.1""",,,,,,,,,,,,,,,,,,,,back_illuminated,global,,true,,,,,,,,,,,monochrome,,,,,,,/Users/seongcheoljeong/Sensor_DB_TechInsight/techinsights_html_download/html/reports/030_DEF-2410-802.html,,/Users/seongcheoljeong/FDTD/sensor_db/generated_stack_configs/def_2410_802_sony_imx900.json,/Users/seongcheoljeong/FDTD/sensor_db/generated_tcad_profiles/def_2410_802_sony_imx900/profile.json
DEF-2412-801,DEF,2025-02-25T00:00:00.000+00:00,2025,Sony,LYT-818,CMOS Image Sensor,Sony LYT-818 Device Essentials Folder,Sony LYT-818 Device Essentials Folder,cmos_image_sensor,1.22,50.0,,,"1/1.28""",3.2,2.2,,,,2.44,2.44,2.44,98.84,11.48 mm × 8.61 mm (98.84 mm^2^),18.4 mm × 17.4 mm × 8.4 mm thick,Sony,65.0,28.0,180.0,"Four-shared (2×2-pixel configuration), 2T effective per pixel",quad_pixel,2.0,,back_illuminated,,,true,true,true,partial_depth_back_dti,,,,,,,,quad_bayer,gapless_ocl,w,7 Cu + 1 Al + 1 Cu DBI,true,,true,/Users/seongcheoljeong/Sensor_DB_TechInsight/techinsights_html_download/html/reports/026_DEF-2412-801.html,,/Users/seongcheoljeong/FDTD/sensor_db/generated_stack_configs/def_2412_801_sony_lyt_818.json,/Users/seongcheoljeong/FDTD/sensor_db/generated_tcad_profiles/def_2412_801_sony_lyt_818/profile.json
DEF-2412-802,DEF,2025-02-05T00:00:00.000+00:00,2025,SmartSens,PLA-AL10_Dual-Rear-Cam2-4_CIS,CMOS Image Sensor,SmartSens 50 MP Main Camera Sensor (Huawei Mate 70 Pro+) Device Essentials Folder,SmartSens 50 MP from Huawei Mate 70 Pro+ Main Camera Sensor Device Essentials Folder,cmos_image_sensor,1.22,50.0,,,"1/1.28""",3.1,2.4,,,,,,,99.13,11.42 mm × 8.68 mm (99.13 mm^2^),25.8 mm × 22.8 mm × 9.6 mm thick,unidentified,65.0,,180.0,"Four-shared (2×2-pixel configuration), 2T effective per pixel",four_shared,2.0,,back_illuminated,,,true,true,true,partial_depth_back_dti,,,,,,,,bayer,ocl,tin,"4 Cu + 1 Cu DBI, 1 back CMG light shield/grid + 1 back Al bond pad",true,,true,/Users/seongcheoljeong/Sensor_DB_TechInsight/techinsights_html_download/html/reports/027_DEF-2412-802.html,,/Users/seongcheoljeong/FDTD/sensor_db/generated_stack_configs/def_2412_802_smartsens_pla_al10_dual_rear_cam2_4_cis.json,/Users/seongcheoljeong/FDTD/sensor_db/generated_tcad_profiles/def_2412_802_smartsens_pla_al10_dual_rear_cam2_4_cis/profile.json
DEF-2412-803,DEF,2025-01-30T00:00:00.000+00:00,2025,Galaxycore Inc,PLA-AL10_Dual-Rear-Cam1-2_CIS,CMOS Image Sensor,GalaxyCore Multispectral Image Sensor from Mate 70 Pro+ Device Essentials Folder,"GalaxyCore 1.5 MP Resolution, 1.75 µm Pixel Pitch, Front-Illuminated (FI) Multispectral CMOS Image Sensor",nir_cis,1.75,1.5,,,"1/3.1""",,3.4,0.85,0.85,3.4,1.75,1.75,,10.99,3.63 mm × 3.03 mm (10.99 mm2),24.23 mm × 18.57 mm × 8.26 mm thick,GalaxyCore,130.0,,290.0,"Two-shared (2 × 1 pixel configuration), 2T effective per pixel",two_shared,2.0,,front_illuminated,,,,,,,,,,,,,,,gapless_ocl,tin,3 Al +1 Al bond pad,,,,/Users/seongcheoljeong/Sensor_DB_TechInsight/techinsights_html_download/html/reports/028_DEF-2412-803.html,,/Users/seongcheoljeong/FDTD/sensor_db/generated_stack_configs/def_2412_803_galaxycore_inc_pla_al10_dual_rear_cam1_2_cis.json,/Users/seongcheoljeong/FDTD/sensor_db/generated_tcad_profiles/def_2412_803_galaxycore_inc_pla_al10_dual_rear_cam1_2_cis/profile.json
DEF-2412-804,DEF,2025-02-14T00:00:00.000+00:00,2025,OPPO,Reno12,5G Handset,GalaxyCore GC32E2 Device Essentials Folder,GalaxyCore GC32E2 Device Essentials Folder,cmos_image_sensor,0.7,32.0,,,,2.7,1.3,2.7,1.3,2.7,,,,26.32,5.66 mm × 4.65 mm (26.32 mm^2^),9.3 mm × 8.4 mm × 4.8 mm thick,Galaxycore,65.0,,180.0,"Eight-shared (4×2-pixel configuration), 1.375T effective per pixel",eight_shared,1.375,,back_illuminated,,,,,true,partial_depth_back_dti,,,,,,,,rggb_bayer,high_precision,tin,3 Cu + 1 back CMG grid/light shield + 1 Al bond pad,,,,/Users/seongcheoljeong/Sensor_DB_TechInsight/techinsights_html_download_missing_def_a6pf30000000GqhAAE/html/reports/002_DEF-2412-804.html,,/Users/seongcheoljeong/FDTD/sensor_db/generated_stack_configs/def_2412_804_oppo_reno12.json,/Users/seongcheoljeong/FDTD/sensor_db/generated_tcad_profiles/def_2412_804_oppo_reno12/profile.json
DEF-2502-802,DEF,2025-03-31T00:00:00.000+00:00,2025,Sony,IMX487-AAMJ-C,Image Sensors,Sony IMX487 Device Essentials Folder,Sony IMX487 Device Essentials Folder,global_shutter_cis,2.74,8.13,,,"2/3""",3.0,3.8,,,,2.74,,2.74,150.02,13.54 mm × 11.08 mm (150.02 mm^2^),20.0 mm × 16.8 mm × 2.7 mm thick,Sony,90.0,40.0,270.0,"Four-shared (2×2-pixel configuration), 5T effective per pixel",four_shared,5.0,,back_illuminated,global,vertical_transfer_gate,true,true,true,back_dti,,,,,,,,monochrome,ocl,w,6 Cu + 1 Al + 1 Cu DBI,,,,/Users/seongcheoljeong/Sensor_DB_TechInsight/techinsights_html_download/html/reports/025_DEF-2502-802.html,,/Users/seongcheoljeong/FDTD/sensor_db/generated_stack_configs/def_2502_802_sony_imx487_aamj_c.json,/Users/seongcheoljeong/FDTD/sensor_db/generated_tcad_profiles/def_2502_802_sony_imx487_aamj_c/profile.json
DEF-2502-803,DEF,2025-04-09T00:00:00.000+00:00,2025,Melexis,MLX90632SLD-BCB-000-SP,Temperature Sensor,Melexis MLX90632 Digital Infrared Thermometer IC Device Essentials Folder,Melexis ML90632 Digital Infrared Thermometer Device Essentials Folder,cmos_image_sensor,,,,,,,,,,,,,,5.29,2.33 mm × 2.27 mm (5.29 mm^2^),3.0 mm × 3.0 mm × 1.0 mm thick,—,,,,Non-shared (2×2),standalone,,,,,,,,,,,,,,,,,,,,4 Al,,,,/Users/seongcheoljeong/Sensor_DB_TechInsight/techinsights_html_download_missing_def_a6pf30000000GqhAAE/html/reports/001_DEF-2502-803.html,,,
DEF-2504-802,DEF,2025-07-03T00:00:00.000+00:00,2025,OmniVision,OX12A10,CMOS Image Sensor,OmniVision OX12A10 Device Essentials Folder,OmniVision OX12A10 Stacked Back-Illuminated CMOS Automotive Image Sensor,cmos_image_sensor,2.1,12.0,,,"1/1.43""",3.0,2.7,,,,,,,70.98,10.87 mm × 6.53 mm (70.98 mm^2^),12.5 mm × 8.1 mm × 1.3 mm thick,TSMC,65.0,40.0,200.0,"Non-shared (standalone), 7T effective per pixel",standalone,7.0,,back_illuminated,,,true,true,true,partial_depth_back_dti,,,,,,,,rggb_bayer,high_precision,w,8 Cu + 1 Cu DBI pad,true,true,,/Users/seongcheoljeong/Sensor_DB_TechInsight/techinsights_html_download/html/reports/022_DEF-2504-802.html,,/Users/seongcheoljeong/FDTD/sensor_db/generated_stack_configs/def_2504_802_omnivision_ox12a10.json,/Users/seongcheoljeong/FDTD/sensor_db/generated_tcad_profiles/def_2504_802_omnivision_ox12a10/profile.json
DEF-2505-803,DEF,2025-06-27T00:00:00.000+00:00,2025,SmartSens,SC550XS,CMOS Image Sensor,SmartSens SC550XS Device Essentials Folder,SmartSens SC550XS CMOS Image Sensor,cmos_image_sensor,1.0,50.0,,,"1/1.56""",2.9,2.1,,,,,,,71.46,9.54 mm × 7.49 mm (71.46 mm^2^),15.3 mm × 14.4 mm × 6.7 mm thick,TSMC,65.0,22.0,180.0,"Four-shared (2×2-pixel configuration), 2T effective per pixel",quad_pixel,2.0,,back_illuminated,,,true,true,true,back_dti,2.0,,,,,,,quad_bayer,gapless_ocl,tin,7 Cu + 1 Cu DBI,,,true,/Users/seongcheoljeong/Sensor_DB_TechInsight/techinsights_html_download/html/reports/024_DEF-2505-803.html,,/Users/seongcheoljeong/FDTD/sensor_db/generated_stack_configs/def_2505_803_smartsens_sc550xs.json,/Users/seongcheoljeong/FDTD/sensor_db/generated_tcad_profiles/def_2505_803_smartsens_sc550xs/profile.json
DEF-2506-802,DEF,2025-07-09T00:00:00.000+00:00,2025,Samsung,JNP (S5KJNP),CMOS Image Sensor,Samsung ISOCELL JNP Device Essentials Folder,Samsung ISOCELL JNP Stacked Back-Illuminated CMOS Image Sensor,cmos_image_sensor,0.64,50.0,,,"1/2.76""",3.8,3.0,,,,,,,30.9,6.49 mm × 4.76 mm (30.9 mm^2^),9.2 mm × 9.8 mm × 4.8 mm thick,Samsung,45.0,28.0,110.0,"8-shared (4×2-pixel configuration), 3T effective per pixel",eight_shared,3.0,,back_illuminated,,dual_vertical_transfer_gate,true,,,,,,,,,,,bayer,ocl,,8 Cu,,,,/Users/seongcheoljeong/Sensor_DB_TechInsight/techinsights_html_download/html/reports/021_DEF-2506-802.html,,/Users/seongcheoljeong/FDTD/sensor_db/generated_stack_configs/def_2506_802_samsung_jnp_s5kjnp.json,/Users/seongcheoljeong/FDTD/sensor_db/generated_tcad_profiles/def_2506_802_samsung_jnp_s5kjnp/profile.json
DEF-2506-803,DEF,2025-08-20T00:00:00.000+00:00,2025,Sony,ISX031_CIS,CMOS Image Sensor,Sony ISX031 Device Essentials Folder,Sony ISX031 Stacked Back-Illuminated CMOS Image Sensor,cmos_image_sensor,3.0,3.0,,,"1/2.42""",3.2,2.6,,0.51,0.65,3.0,,3.0,45.23,7.26 mm × 6.23 mm (45.23 mm^2^),9.30 mm × 8.70 mm × 2.50 mm thick,TSMC,90.0,,240.0,"Standalone with sub-pixel architecture, 7T per pixel effective",standalone,7.0,,back_illuminated,rolling,vertical_transfer_gate,true,true,true,full_depth_front_dti,,,,,,,,bayer,gapless_ocl,w,6 Cu + 1 Al + 1 Cu DBI pad,true,,,/Users/seongcheoljeong/Sensor_DB_TechInsight/techinsights_html_download/html/reports/019_DEF-2506-803.html,,/Users/seongcheoljeong/FDTD/sensor_db/generated_stack_configs/def_2506_803_sony_isx031_cis.json,/Users/seongcheoljeong/FDTD/sensor_db/generated_tcad_profiles/def_2506_803_sony_isx031_cis/profile.json
DEF-2507-801,DEF,2025-08-14T00:00:00.000+00:00,2025,SmartSens,SC5A5XS,CMOS Image Sensor,SmartSens SC5A5XS Device Essentials Folder,"SmartSens SC5A5XS 50MP, 1"" Format, 1.60 µm Stacked Back Illuminated CMOS Image Sensor",cmos_image_sensor,1.6,50.0,,,"1""",3.0,3.2,0.54,0.54,3.2,,,,168.3,15.11 mm × 11.14 mm (168.3 mm^2^),26.3 mm × 25.3 mm × 11.2 mm thick,Unidentified,65.0,28.0,170.0,"4-shared (2×2-pixel configuration), 2.25T effective per pixel",four_shared,2.25,,back_illuminated,,,true,true,,,,,,,,,,bayer,gapless_ocl,tin,7 Cu + 1 Cu DBI pad,true,true,true,/Users/seongcheoljeong/Sensor_DB_TechInsight/techinsights_html_download/html/reports/020_DEF-2507-801.html,,/Users/seongcheoljeong/FDTD/sensor_db/generated_stack_configs/def_2507_801_smartsens_sc5a5xs.json,/Users/seongcheoljeong/FDTD/sensor_db/generated_tcad_profiles/def_2507_801_smartsens_sc5a5xs/profile.json
DEF-2508-801,DEF,2025-09-24T00:00:00.000+00:00,2025,Unknown,LMR-AL10_Ultra_Dual-Rear-Cam2_CIS,CMOS Image Sensor,Huawei Pura 80 Ultra Telephoto Rear Cam 50 MP Sensor Device Essentials Folder,Huawei Pura 80 Ultra Rear 50 MP Telephoto CMOS Image Sensor,cmos_image_sensor,1.22,50.0,,,"1/1.28""",3.1,2.2,,0.47,0.67,2.44,2.44,,97.33,11.37 mm × 8.56 mm (97.33 mm^2^),17.3 mm × 11.5 mm × 14.3 mm thick,HLMC,65.0,,180.0,"4-shared (2 × 2-pixel configuration), 2T effective per pixel",quad_pixel,2.0,,back_illuminated,,,true,true,true,partial_depth_back_dti,,,,,,,,quad_bayer,gapless_ocl,w,7 Cu interconnect + 1 Cu DBI pad,true,,true,/Users/seongcheoljeong/Sensor_DB_TechInsight/techinsights_html_download/html/reports/018_DEF-2508-801.html,,/Users/seongcheoljeong/FDTD/sensor_db/generated_stack_configs/def_2508_801_unknown_lmr_al10_ultra_dual_rear_cam2_cis.json,/Users/seongcheoljeong/FDTD/sensor_db/generated_tcad_profiles/def_2508_801_unknown_lmr_al10_ultra_dual_rear_cam2_cis/profile.json
DEF-2508-802,DEF,2025-10-31T00:00:00.000+00:00,2025,Sony,IMX454_CIS,CMOS Image Sensor,Sony IMX454LXR-C Device Essentials Folder,Sony IMX454 2.13 MP Multispectral Sensor,cmos_image_sensor,2.9,2.13,,,"1/2.8""",4.4,3.5,,,,2.9,,2.9,47.12,8.34 mm × 5.65 mm (47.12 mm^2^),12.0 mm × 9.3 mm × 1.6 mm thick,Sony,90.0,,260.0,"Non-shared, 5T effective per pixel",standalone,5.0,,back_illuminated,,,,,,,,,,,,,,,gapless_ocl,w,4 Cu + 1Al + 1 back W shield,,,,/Users/seongcheoljeong/Sensor_DB_TechInsight/techinsights_html_download/html/reports/016_DEF-2508-802.html,,/Users/seongcheoljeong/FDTD/sensor_db/generated_stack_configs/def_2508_802_sony_imx454_cis.json,/Users/seongcheoljeong/FDTD/sensor_db/generated_tcad_profiles/def_2508_802_sony_imx454_cis/profile.json
DEF-2509-801,DEF,2025-10-28T00:00:00.000+00:00,2025,OmniVision,OG05C10_CIS,CMOS Image Sensor,OmniVision OG05C10 3.5µm Global Shutter Sensor Device Essentials Folder,OmniVision OG05C10 Voltage Domain Global Shutter CMOS Image Sensor,global_shutter_cis,3.45,5.0,,,"1/1.45""",5.9,3.6,3.6,0.68,0.87,3.45,3.45,3.45,110.09,11.80 mm × 9.33 mm (110.09 mm^2^),38.26 mm × 37.93 mm × 37.88 mm thick,TSMC,65.0,,190.0,"Standalone, 5T effective per pixel",standalone,5.0,,back_illuminated,global,,true,true,true,full_depth_front_dti,,0.24,240.0,,,,,bayer,ocl,tin,6 Cu + 1 MIM cap between M4 and M5 + 1 Cu DBI pad,true,,,/Users/seongcheoljeong/Sensor_DB_TechInsight/techinsights_html_download/html/reports/017_DEF-2509-801.html,,/Users/seongcheoljeong/FDTD/sensor_db/generated_stack_configs/def_2509_801_omnivision_og05c10_cis.json,/Users/seongcheoljeong/FDTD/sensor_db/generated_tcad_profiles/def_2509_801_omnivision_og05c10_cis/profile.json
DEF-2509-802,DEF,2025-11-19T00:00:00.000+00:00,2025,Sony,IMX914,CMOS Image Sensor,Sony IMX914 Device Essentials Folder,Sony IMX914 CMOS Image Sensor,cmos_image_sensor,1.0,24.0,,,,3.6,1.8,,0.43,0.6,1.0,1.0,1.0,38.66,6.52 mm × 5.93 mm (38.66 mm^2^),24.6 mm × 19.9 mm × 10.5 mm thick,TSMC,90.0,,230.0,"Eight shared, 1.5 T effective per pixel",quad_pixel,1.5,,back_illuminated,,,true,true,true,full_depth_front_dti,2.4,,,,,,,quad_bayer,gapless_ocl,w,7 Cu + 1 Al + 1 Cu DBI grid,,,true,/Users/seongcheoljeong/Sensor_DB_TechInsight/techinsights_html_download/html/reports/015_DEF-2509-802.html,,/Users/seongcheoljeong/FDTD/sensor_db/generated_stack_configs/def_2509_802_sony_imx914.json,/Users/seongcheoljeong/FDTD/sensor_db/generated_tcad_profiles/def_2509_802_sony_imx914/profile.json
DEF-2511-802,DEF,2025-12-19T00:00:00.000+00:00,2025,Samsung,HP5,CMOS Image Sensor,Samsung ISOCELL HP5 Device Essentials Folder,Samsung HP5 200MP 0.5 µm CMOS Image Sensor,cmos_image_sensor,0.5,200.0,,,"1/1.56""",4.0,1.5,,,,,,,68.19,9.51 mm × 7.17 mm (68.19 mm^2^),39.9 mm × 27.3 mm × 9.8 mm thick,Samsung,45.0,,110.0,"8-shared (4×2-pixel configuration), 1.875T effective per pixel",eight_shared,1.875,,back_illuminated,,dual_vertical_transfer_gate,true,,true,full_depth_front_dti,,,,,polysilicon,,,bayer,high_precision,tin,6 Cu + 1 back ISOCELL grid (pixel array) + 1 back W shield/TSV + 1 back Al bond pad,,,true,/Users/seongcheoljeong/Sensor_DB_TechInsight/techinsights_html_download/html/reports/014_DEF-2511-802.html,,/Users/seongcheoljeong/FDTD/sensor_db/generated_stack_configs/def_2511_802_samsung_hp5.json,/Users/seongcheoljeong/FDTD/sensor_db/generated_tcad_profiles/def_2511_802_samsung_hp5/profile.json
DEF-2511-803,DEF,2026-01-15T00:00:00.000+00:00,2026,STMicroelectronics,56G812A1A_CIS,CMOS Image Sensor,STMicroelectronics 56G812A1A (iPhone 17 Pro Max) Device Essentials Folder,STMicrolectronics 56G812A1A Infrared Image Sensor Device Essentials,global_shutter_cis,2.9,1.46,,,,9.7,2.8,,,,,,,20.5,4.83 mm × 4.24 mm (20.5 mm^2^),12.2 mm × 8.6 mm × 6.8 mm thick,STMicroelectronics,65.0,,190.0,"Non-shared pixel configuration, 9T effective per pixel",standalone,9.0,,front_illuminated,global,,true,true,true,full_depth_front_dti,9.4,,,,,dielectric,,,high_precision,w,"4 Cu + 2 TiN MIM cap electrodes +1 Cu DBI pad, 1 back TiN/W light shield, 1back Al bond pad",,,,/Users/seongcheoljeong/Sensor_DB_TechInsight/techinsights_html_download/html/reports/013_DEF-2511-803.html,,/Users/seongcheoljeong/FDTD/sensor_db/generated_stack_configs/def_2511_803_stmicroelectronics_56g812a1a_cis.json,/Users/seongcheoljeong/FDTD/sensor_db/generated_tcad_profiles/def_2511_803_stmicroelectronics_56g812a1a_cis/profile.json
DEF-2512-801,DEF,2026-02-04T00:00:00.000+00:00,2026,Galaxycore Inc,GC50F6,CMOS Image Sensor,GalaxyCore GC50F6 Device Essentials Folder,"GalaxyCore GC50F6, 50 MP Resolution, 0.61 µm Pixel Pitch Monolithic Back-Illuminated CMOS Image Sensor",cmos_image_sensor,0.61,50.0,16,16,"1/2.88""",3.0,1.3,1.3,1.3,3.0,0.61,0.61,1.22,31.39,6.06 mm × 5.18 mm (31.39 mm 2 ),9.3 mm × 8.9 mm × 5.4 mm thick,GalaxyCore,65.0,,180.0,"Eight-shared (4×2-pixel configuration), 1.5T effective per pixel",eight_shared,1.5,,back_illuminated,,,true,,true,partial_depth_back_dti,,,,,,,,rggb_bayer,gapless_ocl,tin,3 Cu + 1 back CMG grid/light shield + 1 back Al bond pad/shield,,,true,/Users/seongcheoljeong/Sensor_DB_TechInsight/techinsights_html_download/html/reports/012_DEF-2512-801.html,,/Users/seongcheoljeong/FDTD/sensor_db/generated_stack_configs/def_2512_801_galaxycore_inc_gc50f6.json,/Users/seongcheoljeong/FDTD/sensor_db/generated_tcad_profiles/def_2512_801_galaxycore_inc_gc50f6/profile.json
DEF-2601-802,DEF,2026-03-09T00:00:00.000+00:00,2026,STMicroelectronics,55G1BA_CIS,CMOS Image Sensor,STMicroelectronics VD55G1 Device Essentials Folder,"STMicroelectronics VD55G1, 1/9"" Format, 0.56 MP Resolution, 2.16 µm Pixel Pitch, Stacked Back-Illuminated Monochrome Global Shutter CMOS Image Sensor",global_shutter_cis,2.16,0.56,,,"1/9""",5.9,3.6,,,,,,,5.54,2.65 mm × 2.09 mm (5.54 mm^2^),6.50 mm × 6.50 mm × 5.66 mm thick,STMicroelectronics,65.0,,180.0,"Standalone (non-shared), 6T effective per pixel",standalone,6.0,,back_illuminated,global,,true,true,true,full_depth_front_dti,,,,,,,,monochrome,gapless_ocl,w,4 Cu + 1 Cu DBI pad + 1 back W light shield + 1 back Al bond pad,,,,/Users/seongcheoljeong/Sensor_DB_TechInsight/techinsights_html_download/html/reports/010_DEF-2601-802.html,,/Users/seongcheoljeong/FDTD/sensor_db/generated_stack_configs/def_2601_802_stmicroelectronics_55g1ba_cis.json,/Users/seongcheoljeong/FDTD/sensor_db/generated_tcad_profiles/def_2601_802_stmicroelectronics_55g1ba_cis/profile.json
DEF-2601-804,DEF,2026-03-23T00:00:00.000+00:00,2026,OmniVision,OX05C1S_CIS,CMOS Image Sensor,OmniVision OX05C1S Device Essentials Folder,OmniVision OX05C CMOS Image Sensor,global_shutter_cis,2.2,5.0,2592,1944,"1/2.525""",5.9,2.6,,,,,,,34.57,6.56 mm × 5.27 mm (34.57 mm^2^),6.61 mm × 5.32 mm × 0.74 mm thick,TSMC,65.0,,200.0,"Stand alone (non-shared), 5T effective per pixel",two_shared,5.0,,back_illuminated,global,,true,true,true,full_depth_front_dti,,,,,,,,,ocl,w,4 Cu + 1 Cu DBI metal + 1 back W grid/shield + 1 back Al bond pad,true,,,/Users/seongcheoljeong/Sensor_DB_TechInsight/techinsights_html_download/html/reports/009_DEF-2601-804.html,,/Users/seongcheoljeong/FDTD/sensor_db/generated_stack_configs/def_2601_804_omnivision_ox05c1s_cis.json,/Users/seongcheoljeong/FDTD/sensor_db/generated_tcad_profiles/def_2601_804_omnivision_ox05c1s_cis/profile.json
DEF-2602-801,DEF,2026-03-31T00:00:00.000+00:00,2026,SmartSens,SC485SL-CS3NNH0,Image Sensors,SmartSens SC485SL Device Essentials Folder,"SmartSens SC485SL 4.0 MP Pixel Resolution, 1/1.8"" Format, 2.9 µm Pixel Pitch, Back Illuminated CMOS Image Sensor",cmos_image_sensor,2.9,40.0,,,"1/1.8""",3.2,2.5,,,,2.9,2.9,2.9,48.44,8.62 mm × 5.62 mm (48.44 mm 2 ),8.7 mm × 5.7 mm × 0.8 mm thick,Unidentified,90.0,,320.0,"Standalone (non-shared), 5T effective per pixel",quad_pixel,5.0,,back_illuminated,,,true,,true,partial_depth_back_dti,2.4,,,,,,,quad_bayer,gapless_ocl,w,4 Al + 1 CMG back shield/grid,,,,/Users/seongcheoljeong/Sensor_DB_TechInsight/techinsights_html_download/html/reports/008_DEF-2602-801.html,,/Users/seongcheoljeong/FDTD/sensor_db/generated_stack_configs/def_2602_801_smartsens_sc485sl_cs3nnh0.json,/Users/seongcheoljeong/FDTD/sensor_db/generated_tcad_profiles/def_2602_801_smartsens_sc485sl_cs3nnh0/profile.json
DEF-2603-801,DEF,2026-04-22T00:00:00.000+00:00,2026,Samsung,S5K931SX,CMOS Image Sensor,Samsung ISOCELL Vizion 931 Device Essentials Folder,Samsung ISOCELL Vizion 931 Stacked Back-Illuminated Voltage Domain Global Shutter CMOS Image Sensor,global_shutter_cis,2.2,0.307,640,480,"1/9""",7.3,2.7,,,,,,,7.48,2.75 mm × 2.72 mm (7.48 mm^ 2^ ),8.6 mm × 8.5 mm × 6.6 mm thick,Samsung,45.0,,140.0,"standalone pixel configuration, 11T effective per pixel",standalone,11.0,,back_illuminated,global,vertical_transfer_gate,true,true,true,full_depth_front_dti,7.0,0.166,166.0,42.0,polysilicon,tin,biased,monochrome,gapless_ocl,w,"6 Cu + 3 TIN MIM cap electrodes + 1 Cu DBI, 1 back TiN ISOCELL grid liner (pixel array) + 1 back W shield/TSV + 1 back Al bond pad",,,,/Users/seongcheoljeong/Sensor_DB_TechInsight/techinsights_html_download/html/reports/006_DEF-2603-801.html,,/Users/seongcheoljeong/FDTD/sensor_db/generated_stack_configs/def_2603_801_samsung_s5k931sx.json,/Users/seongcheoljeong/FDTD/sensor_db/generated_tcad_profiles/def_2603_801_samsung_s5k931sx/profile.json
DEF-2603-802,DEF,2026-04-07T00:00:00.000+00:00,2026,OmniVision,OV50X,CMOS Image Sensor,OmniVision OV50X Device Essentials Folder,"OmniVision OV50X (OV50X50), 50MP, 1"" Format, 1.60 µm Pixel Pitch, Stacked Back Illuminated CMOS Image Sensor with TheiaCel™ Technology",cmos_image_sensor,1.6,50.0,50,50,"1""",3.0,2.8,3.0,2.0,3.0,3.2,3.2,3.2,173.79,15.06 mm × 11.54 mm (173.79 mm 2 ),24.0 mm × 23.2 mm × 10.8 mm thick,TSMC,65.0,,200.0,"4-shared (2 × 2-pixel configuration), 2.5T effective per pixel",quad_pixel,2.5,,back_illuminated,,,true,true,true,partial_depth_back_dti,2.0,,,,,,,bayer,gapless_ocl,w,"6 Cu + MIM capacitor’s electrodes + 1 Cu DBI pad, 1 back W light shield/grid + 1 back Al bond pad",true,true,true,/Users/seongcheoljeong/Sensor_DB_TechInsight/techinsights_html_download/html/reports/007_DEF-2603-802.html,,/Users/seongcheoljeong/FDTD/sensor_db/generated_stack_configs/def_2603_802_omnivision_ov50x.json,/Users/seongcheoljeong/FDTD/sensor_db/generated_tcad_profiles/def_2603_802_omnivision_ov50x/profile.json
DEF-2603-803,DEF,2026-05-04T00:00:00.000+00:00,2026,OmniVision,L3A_Triple-Gimbal-Cam1_CIS,CMOS Image Sensor,DJI Mavic 4 Pro Main Camera Sensor (OmniVision 100 MP) Device Essentials Folder,DJI Mavic 4 Pro Main Camera Sensor (OmniVision 100 MP) Device Essentials Folder,cmos_image_sensor,1.45,100.0,,,"4/3""",3.0,1.9,,0.56,0.69,1.45,1.45,1.45,282.91,20.15 mm × 14.04 mm (282.91 mm 2 ),33.3 mm × 26.0 mm × 4.5 mm thick,XMC,65.0,,180.0,"Four-shared (2 × 2-pixel configuration), 2T effective per pixel",quad_pixel,2.0,,back_illuminated,,,true,,true,partial_depth_back_dti,1.9,,,,oxide,,,quad_bayer,gapless_ocl,tin,4 Cu + 1 Al pixel array shield + 1 back composite material shield/grid + 1 back Al bond pad + 1 Cu TSV,,,true,/Users/seongcheoljeong/Sensor_DB_TechInsight/techinsights_html_download/html/reports/005_DEF-2603-803.html,,/Users/seongcheoljeong/FDTD/sensor_db/generated_stack_configs/def_2603_803_omnivision_l3a_triple_gimbal_cam1_cis.json,/Users/seongcheoljeong/FDTD/sensor_db/generated_tcad_profiles/def_2603_803_omnivision_l3a_triple_gimbal_cam1_cis/profile.json
DEF-2603-804,DEF,2026-05-27T00:00:00.000+00:00,2026,Sony,IMX775,CMOS Image Sensor,Technical Report: Sony IMX775 Device Essentials Folder,Sony IMX775 CMOS Image Sensor,global_shutter_cis,2.1,5.0,,,"1/2.64""",6.7,2.3,0.59,0.59,6.7,2.1,2.1,2.1,35.81,6.62 mm × 5.41 mm (35.81 mm 2 ),9.30 mm × 7.98 mm × 1.52 mm thick,Sony,90.0,,240.0,"Stand alone (non-shared), 6T effective per pixel",standalone,6.0,,back_illuminated,global,,true,true,true,full_depth_front_dti,,,,,,,,,gapless_ocl,tin,5 Cu + 1 Al (bond pad) + 1 Cu DBI pad + 1 back W grid/light shield,true,,,/Users/seongcheoljeong/Sensor_DB_TechInsight/techinsights_html_download/html/reports/004_DEF-2603-804.html,,/Users/seongcheoljeong/FDTD/sensor_db/generated_stack_configs/def_2603_804_sony_imx775.json,/Users/seongcheoljeong/FDTD/sensor_db/generated_tcad_profiles/def_2603_804_sony_imx775/profile.json
DEF-2604-801,DEF,2026-05-29T00:00:00.000+00:00,2026,Sony,LYT-901,CMOS Image Sensor,Technical Report: Sony LYT-901 Device Essentials Folder,"Sony LYT-901, 200 MP, 0.70 µm, Stacked Back-Illuminated CMOS Image Sensor",cmos_image_sensor,0.7,200.0,,,"1/1.12""",4.5,1.7,,,,,,,129.66,13.15 mm × 9.86 mm (129.66 mm 2 ),24.0 mm × 23.8 mm × 13.0 mm thick,Sony,45.0,,170.0,"Eight-shared (4×2), 1.625T effective per pixel",quad_pixel,1.625,,back_illuminated,,vertical_transfer_gate,true,true,true,partial_depth_back_dti,,,,,,,,quad_bayer,gapless_ocl,tin,6 Cu pixel interconnect + 1 Cu DBI pad + 1 back W shield +1 CMG grid,,,true,/Users/seongcheoljeong/Sensor_DB_TechInsight/techinsights_html_download/html/reports/003_DEF-2604-801.html,,/Users/seongcheoljeong/FDTD/sensor_db/generated_stack_configs/def_2604_801_sony_lyt_901.json,/Users/seongcheoljeong/FDTD/sensor_db/generated_tcad_profiles/def_2604_801_sony_lyt_901/profile.json
DEF-2604-802,DEF,2026-06-19T00:00:00.000+00:00,2026,Samsung,3LD (S5K3LD),CMOS Image Sensor,Samsung ISOCELL 3LD Device Essentials Folder,"Samsung 3LD (S5K3LD), 12MP, 1/3.94"" Format, 1.00 µm Pixel Pitch, Stacked Back Illuminated CMOS Image Sensor",cmos_image_sensor,1.0,12.0,,,"1/3.94""",3.2,1.5,,,,,,,20.1,5.36 mm × 3.75 mm (20.10 mm 2 ),15.2 mm × 13.7 mm × 6.3 mm thick,Samsung,45.0,,160.0,"4-shared (2×2×2 - dual photodiode configuration), 3.75T effective per pixel",four_shared,3.75,,back_illuminated,,dual_vertical_transfer_gate,true,,true,full_depth_front_dti,,,,,polysilicon,,,rggb_bayer,gapless_ocl,tin,4 Cu + 1 back ISOCELL grid (pixel array) + 1 back W shield/TSV + 1 back Al bond pad,,,,/Users/seongcheoljeong/Sensor_DB_TechInsight/techinsights_html_download/html/reports/001_DEF-2604-802.html,,/Users/seongcheoljeong/FDTD/sensor_db/generated_stack_configs/def_2604_802_samsung_3ld_s5k3ld.json,/Users/seongcheoljeong/FDTD/sensor_db/generated_tcad_profiles/def_2604_802_samsung_3ld_s5k3ld/profile.json
DEF-2605-801,DEF,2026-06-12T00:00:00.000+00:00,2026,OmniVision,OV52A,CMOS Image Sensor,Technical Report: OmniVision OV52A Device Essentials Folder,"OmniVision OV52A, 200MP, 1/1.28"" Format, 0.61 µm Pixel Pitch, Stacked Back Illuminated CMOS Image Sensor",cmos_image_sensor,0.61,200.0,,,"1/1.28""",3.0,1.6,3.0,1.6,3.0,1.22,1.22,,95.12,11.19 mm × 8.50 mm (95.12 mm 2 ),43.8 mm × 33.5 mm × 12.2 mm thick,XMC,40.0,,160.0,"Eight-shared (4×2-pixel configuration), 1.75T effective per pixel",eight_shared,1.75,,back_illuminated,,vertical_transfer_gate,true,true,true,partial_depth_back_dti,,,,,,,,rggb_bayer,gapless_ocl,tin,"5 Cu + 1 Cu DBI pad, 1 back CMG light shield/grid + 1 back Al bond pad",,,true,/Users/seongcheoljeong/Sensor_DB_TechInsight/techinsights_html_download/html/reports/002_DEF-2605-801.html,,/Users/seongcheoljeong/FDTD/sensor_db/generated_stack_configs/def_2605_801_omnivision_ov52a.json,/Users/seongcheoljeong/FDTD/sensor_db/generated_tcad_profiles/def_2605_801_omnivision_ov52a/profile.json
DEF-2606-802,DEF,2026-06-16T00:00:00.000+00:00,0,OmniVision,BKQ-N49_Rear-Cam3_CIS,CMOS Image Sensor,Technical Report: OmniVision 50 MP Rear Camera Sensor (Honor Magic 8 Pro) Device,,cmos_image_sensor,,50.0,,,,,,,,,,,,,,,,,,,,,,,,,,,,,,,,,,,,,,,,,,,,/Users/seongcheoljeong/Sensor_DB_TechInsight/techinsights_html_download/html/reports/167_DEF-2606-802.html,,,
DEP-1804-802,DEP,2018-08-30T00:00:00.000+00:00,2018,STMicroelectronics,56G08A,CMOS Image Sensor,STMicroelectronics 56G08A IR Camera from the Apple iPhone X Device Essentials Plus,,cmos_image_sensor,2.8,,,,,,,,,,,,,,,,,,,,,two_shared,,,,,,,,true,full_depth_front_dti,,,,,polysilicon,,biased,,gapless_ocl,w,,,,,/Users/seongcheoljeong/Sensor_DB_TechInsight/techinsights_html_download_dep_a6pf30000009PYHAA2/html/reports/045_DEP-1804-802.html,/Users/seongcheoljeong/Sensor_DB_TechInsight/techinsights_html_download_dep_a6pf30000009PYHAA2/html/pdfs/045_DEP-1804-802/STMicroelectronics_56G08A_IR_Camera_DEP-1804-802.pdf,/Users/seongcheoljeong/FDTD/sensor_db/generated_stack_configs/dep_1804_802_stmicroelectronics_56g08a.json,/Users/seongcheoljeong/FDTD/sensor_db/generated_tcad_profiles/dep_1804_802_stmicroelectronics_56g08a/profile.json
DEP-1806-801,DEP,2018-09-12T00:00:00.000+00:00,2018,SmartSens,SC130GS,CMOS Image Sensor,SmartSens SC130GS Global Shutter CIS Device Essentials Plus Folder,,global_shutter_cis,4.0,,,,,1.9,,,,,,,,,,,,,,,,standalone,4.0,,back_illuminated,global,,,,,,,,,,,,,bayer,,w,,,,,/Users/seongcheoljeong/Sensor_DB_TechInsight/techinsights_html_download_dep_a6pf30000009PYHAA2/html/reports/044_DEP-1806-801.html,/Users/seongcheoljeong/Sensor_DB_TechInsight/techinsights_html_download_dep_a6pf30000009PYHAA2/html/pdfs/044_DEP-1806-801/SmartSens_SC130GS_DEP-1806-801.pdf,/Users/seongcheoljeong/FDTD/sensor_db/generated_stack_configs/dep_1806_801_smartsens_sc130gs.json,/Users/seongcheoljeong/FDTD/sensor_db/generated_tcad_profiles/dep_1806_801_smartsens_sc130gs/profile.json
DEP-1810-801,DEP,2018-12-14T00:00:00.000+00:00,2018,OmniVision,OS05A20,Image Sensors,OmniVision OS05A20 Device Essentials Plus Report,,nir_cis,2.0,,,,,3.6,,,,,,,,,,,,,,,,two_shared,,,back_illuminated,,,,,true,full_depth_front_dti,2.2,0.19,190.0,,,,,bayer,gapless_ocl,tin,,true,,,/Users/seongcheoljeong/Sensor_DB_TechInsight/techinsights_html_download_dep_a6pf30000009PYHAA2/html/reports/043_DEP-1810-801.html,/Users/seongcheoljeong/Sensor_DB_TechInsight/techinsights_html_download_dep_a6pf30000009PYHAA2/html/pdfs/043_DEP-1810-801/OmniVision_OS05A20_BI_CIS_DEP-1810-801.pdf,/Users/seongcheoljeong/FDTD/sensor_db/generated_stack_configs/dep_1810_801_omnivision_os05a20.json,/Users/seongcheoljeong/FDTD/sensor_db/generated_tcad_profiles/dep_1810_801_omnivision_os05a20/profile.json
DEP-1811-801,DEP,2019-01-24T00:00:00.000+00:00,2019,Sony,IMX424_CIS,CMOS Image Sensor,Sony IMX424 Device Essentials Plus Report,,cmos_image_sensor,2.25,,,,"1/1.7""",2.7,,,,,,,,,,,,,,,,two_shared,,,back_illuminated,,,true,,,,,,,,,,,,gapless_ocl,w,,,,,/Users/seongcheoljeong/Sensor_DB_TechInsight/techinsights_html_download_dep_a6pf30000009PYHAA2/html/reports/042_DEP-1811-801.html,/Users/seongcheoljeong/Sensor_DB_TechInsight/techinsights_html_download_dep_a6pf30000009PYHAA2/html/pdfs/042_DEP-1811-801/Sony_IMX424_BI_CIS_DEP-1811-801.pdf,/Users/seongcheoljeong/FDTD/sensor_db/generated_stack_configs/dep_1811_801_sony_imx424_cis.json,/Users/seongcheoljeong/FDTD/sensor_db/generated_tcad_profiles/dep_1811_801_sony_imx424_cis/profile.json
DEP-1811-802,DEP,2019-01-31T00:00:00.000+00:00,2019,Sony,IMX250MZR,CMOS Image Sensor,Sony IMX250MZR Device Essentials Plus,,global_shutter_cis,3.45,,,,"2/3""",,,,,,,,,,,,,,,,,two_shared,,,front_illuminated,global,,,,,,,,,,,,,monochrome,gapless_ocl,tin,,,,,/Users/seongcheoljeong/Sensor_DB_TechInsight/techinsights_html_download_dep_a6pf30000009PYHAA2/html/reports/041_DEP-1811-802.html,/Users/seongcheoljeong/Sensor_DB_TechInsight/techinsights_html_download_dep_a6pf30000009PYHAA2/html/pdfs/041_DEP-1811-802/Sony_IMX250MZR_FI_CIS_DEP-1811-802.pdf,/Users/seongcheoljeong/FDTD/sensor_db/generated_stack_configs/dep_1811_802_sony_imx250mzr.json,/Users/seongcheoljeong/FDTD/sensor_db/generated_tcad_profiles/dep_1811_802_sony_imx250mzr/profile.json
DEP-1901-801,DEP,2019-03-29T00:00:00.000+00:00,2019,Sony,PCT-AL10_Dual-Rear-Cam1_ISP,Image Processor,Sony IMX586 Device Essentials Plus Summary,,cmos_image_sensor,0.8,48.0,,,,3.6,,,,,,,,,,,,,,,,quad_pixel,12.0,,back_illuminated,,,true,true,true,full_depth_front_dti,,0.075,75.0,,,,,quad_bayer,gapless_ocl,w,,,,true,/Users/seongcheoljeong/Sensor_DB_TechInsight/techinsights_html_download_missing_dep_a6pf30000009PYHAA2/html/reports/029_DEP-1901-801.html,/Users/seongcheoljeong/Sensor_DB_TechInsight/techinsights_html_download_missing_dep_a6pf30000009PYHAA2/html/pdfs/029_DEP-1901-801/Sony_IMX586_BI_Stacked_CIS_DEP-1901-801.pdf,/Users/seongcheoljeong/FDTD/sensor_db/generated_stack_configs/dep_1901_801_sony_pct_al10_dual_rear_cam1_isp.json,/Users/seongcheoljeong/FDTD/sensor_db/generated_tcad_profiles/dep_1901_801_sony_pct_al10_dual_rear_cam1_isp/profile.json
DEP-1901-802,DEP,2019-05-07T00:00:00.000+00:00,2019,Samsung,S5KGM1,CMOS Image Sensor,Samsung S5KGM1SP 48 MP Stacked BI ISOCELL Plus CIS Device Essentials Plus,,cmos_image_sensor,0.8,48.0,,,,3.7,,,,,,,,,,,,,,,,four_shared,11.0,,back_illuminated,,vertical_transfer_gate,true,,true,full_depth_front_dti,,,,,new_material_unspecified,,,tetracell_bayer,gapless_ocl,tin,,,,,/Users/seongcheoljeong/Sensor_DB_TechInsight/techinsights_html_download_dep_a6pf30000009PYHAA2/html/reports/039_DEP-1901-802.html,/Users/seongcheoljeong/Sensor_DB_TechInsight/techinsights_html_download_dep_a6pf30000009PYHAA2/html/pdfs/039_DEP-1901-802/Samsung_S5KGM1SP_BI_CIS_DEP-1901-802.pdf,/Users/seongcheoljeong/FDTD/sensor_db/generated_stack_configs/dep_1901_802_samsung_s5kgm1.json,/Users/seongcheoljeong/FDTD/sensor_db/generated_tcad_profiles/dep_1901_802_samsung_s5kgm1/profile.json
DEP-1902-801,DEP,2019-05-10T00:00:00.000+00:00,2019,GPixel Inc,GMAX0505-BM,CMOS Image Sensor,GPixel GMAX0505 (TPSCo. 2.5 um Global Shutter) 	 Device Essentials Plus,,global_shutter_cis,2.5,25.0,,,"1""",,3.8,,,,,,,,,,,,,,,two_shared,8.0,,front_illuminated,global,,,,,,,,,,,oxide,,,gapless_ocl,w,,,,,/Users/seongcheoljeong/Sensor_DB_TechInsight/techinsights_html_download_dep_a6pf30000009PYHAA2/html/reports/038_DEP-1902-801.html,/Users/seongcheoljeong/Sensor_DB_TechInsight/techinsights_html_download_dep_a6pf30000009PYHAA2/html/pdfs/038_DEP-1902-801/GPixel_GMAX0505_FI_GS_CIS_DEP-1902-801.pdf,/Users/seongcheoljeong/FDTD/sensor_db/generated_stack_configs/dep_1902_801_gpixel_inc_gmax0505_bm.json,/Users/seongcheoljeong/FDTD/sensor_db/generated_tcad_profiles/dep_1902_801_gpixel_inc_gmax0505_bm/profile.json
DEP-1905-803,DEP,2019-10-03T00:00:00.000+00:00,2019,Sony,IMX362,CMOS Image Sensor,Sony IMX362 Device Essentials Plus,,cmos_image_sensor,1.4,12.0,,,"1/2.55""",2.9,,,,,,,,,,,,,,,,dual_pixel,11.0,,back_illuminated,,,true,true,true,full_depth_front_dti,,,,,,,,bayer,gapless_ocl,w,,,,true,/Users/seongcheoljeong/Sensor_DB_TechInsight/techinsights_html_download_dep_a6pf30000009PYHAA2/html/reports/037_DEP-1905-803.html,/Users/seongcheoljeong/Sensor_DB_TechInsight/techinsights_html_download_dep_a6pf30000009PYHAA2/html/pdfs/037_DEP-1905-803/Sony_IMX362_BI_Stacked_CIS_DEP-1905-803.pdf,/Users/seongcheoljeong/FDTD/sensor_db/generated_stack_configs/dep_1905_803_sony_imx362.json,/Users/seongcheoljeong/FDTD/sensor_db/generated_tcad_profiles/dep_1905_803_sony_imx362/profile.json
DEP-1911-801,DEP,2020-02-18T00:00:00.000+00:00,2020,Samsung,S5K3J1SX03_CIS,CMOS Image Sensor,"Samsung S5K3J1SX03, 10 MP Resolution, 1.22 μm Pixel Pitch, Stacked BI Dual Photodiode PDAF CIS Device Essentials Plus Summary",,cmos_image_sensor,1.22,10.0,,,,2.6,,,,,,,,,,,,,,,,dual_pixel,11.0,,back_illuminated,,,true,,true,full_depth_front_dti,,,,,,,,bayer,ocl,w,,,,true,/Users/seongcheoljeong/Sensor_DB_TechInsight/techinsights_html_download_dep_a6pf30000009PYHAA2/html/reports/036_DEP-1911-801.html,/Users/seongcheoljeong/Sensor_DB_TechInsight/techinsights_html_download_dep_a6pf30000009PYHAA2/html/pdfs/036_DEP-1911-801/Samsung_S5K3J1SX03_BI_CIS_Dual_Pixel_DEP-1911-801.pdf,/Users/seongcheoljeong/FDTD/sensor_db/generated_stack_configs/dep_1911_801_samsung_s5k3j1sx03_cis.json,/Users/seongcheoljeong/FDTD/sensor_db/generated_tcad_profiles/dep_1911_801_samsung_s5k3j1sx03_cis/profile.json
DEP-1912-801,DEP,2020-03-27T00:00:00.000+00:00,2020,OmniVision,OV24A1Q,CMOS Image Sensor,OmniVision OV24A1Q Device Essentials Plus,,cmos_image_sensor,0.9,24.0,,,"1/2.83""",3.0,,,,,,,,,,,,,,,,four_shared,75.0,,,,,true,true,true,partial_depth_back_dti,,,,10.0,,,,bayer,gapless_ocl,w,,,,,/Users/seongcheoljeong/Sensor_DB_TechInsight/techinsights_html_download_dep_a6pf30000009PYHAA2/html/reports/035_DEP-1912-801.html,/Users/seongcheoljeong/Sensor_DB_TechInsight/techinsights_html_download_dep_a6pf30000009PYHAA2/html/pdfs/035_DEP-1912-801/OmniVision_OV24A1Q_DEP-1912-801.pdf,/Users/seongcheoljeong/FDTD/sensor_db/generated_stack_configs/dep_1912_801_omnivision_ov24a1q.json,/Users/seongcheoljeong/FDTD/sensor_db/generated_tcad_profiles/dep_1912_801_omnivision_ov24a1q/profile.json
DEP-2002-801,DEP,2020-04-20T00:00:00.000+00:00,2020,Samsung,S5KGH1,CMOS Image Sensor,Samsung S5KGH1SM Device Essentials Plus,,cmos_image_sensor,0.7,43.7,16,16,,3.7,,,,,,,,,,,,,,,,,11.0,,back_illuminated,,vertical_transfer_gate,true,,true,full_depth_front_dti,,,,,,,,tetracell_bayer,gapless_ocl,w,,,,true,/Users/seongcheoljeong/Sensor_DB_TechInsight/techinsights_html_download_dep_a6pf30000009PYHAA2/html/reports/034_DEP-2002-801.html,/Users/seongcheoljeong/Sensor_DB_TechInsight/techinsights_html_download_dep_a6pf30000009PYHAA2/html/pdfs/034_DEP-2002-801/Samsung_S5KGH1SM_BI_CIS_DEP-2002-801.pdf,/Users/seongcheoljeong/FDTD/sensor_db/generated_stack_configs/dep_2002_801_samsung_s5kgh1.json,/Users/seongcheoljeong/FDTD/sensor_db/generated_tcad_profiles/dep_2002_801_samsung_s5kgh1/profile.json
DEP-2004-801,DEP,2020-08-04T00:00:00.000+00:00,2020,ON Semi,LI-AR0820-GMSL2_Front-Cam,CMOS Image Sensor,ON Semiconductor AR0820AT Device Essentials Plus,,cmos_image_sensor,2.1,8.3,,,,2.9,,,,,,,,,,,,,,,,four_shared,75.0,,back_illuminated,,,true,true,true,partial_depth_back_dti,,,,8.9,,,,,gapless_ocl,w,,true,,,/Users/seongcheoljeong/Sensor_DB_TechInsight/techinsights_html_download_dep_a6pf30000009PYHAA2/html/reports/032_DEP-2004-801.html,/Users/seongcheoljeong/Sensor_DB_TechInsight/techinsights_html_download_dep_a6pf30000009PYHAA2/html/pdfs/032_DEP-2004-801/ON_Semiconductor_AR0820AT_DEP-2004-801.pdf,/Users/seongcheoljeong/FDTD/sensor_db/generated_stack_configs/dep_2004_801_on_semi_li_ar0820_gmsl2_front_cam.json,/Users/seongcheoljeong/FDTD/sensor_db/generated_tcad_profiles/dep_2004_801_on_semi_li_ar0820_gmsl2_front_cam/profile.json
DEP-2004-802,DEP,2020-06-30T00:00:00.000+00:00,2020,Sony,IMX608,CMOS Image Sensor,Sony IMX608 Device Essentials Plus,,cmos_image_sensor,1.12,40.0,16,32,"1/1.54""",3.2,,,,,,,,,,,,,,,,quad_pixel,13.0,,,,,true,true,true,full_depth_front_dti,,,,12.5,,,,quad_bayer,gapless_ocl,w,,,,true,/Users/seongcheoljeong/Sensor_DB_TechInsight/techinsights_html_download_dep_a6pf30000009PYHAA2/html/reports/033_DEP-2004-802.html,/Users/seongcheoljeong/Sensor_DB_TechInsight/techinsights_html_download_dep_a6pf30000009PYHAA2/html/pdfs/033_DEP-2004-802/Sony_IMX608_BI_Stacked_CIS_DEP-2004-802.pdf,/Users/seongcheoljeong/FDTD/sensor_db/generated_stack_configs/dep_2004_802_sony_imx608.json,/Users/seongcheoljeong/FDTD/sensor_db/generated_tcad_profiles/dep_2004_802_sony_imx608/profile.json
DEP-2103-801,DEP,2021-06-10T00:00:00.000+00:00,2021,Leopard Imaging Inc,OX08A4Y-GMSL,Evaluation Kit,OmniVision OX08A Device Essentials Plus,,cmos_image_sensor,2.1,8.3,,,"1/1.73""",2.9,,,,,,,,,,,,,,,,four_shared,2.0,,back_illuminated,,,true,true,true,partial_depth_back_dti,0.19,,,11.0,,,,,gapless_ocl,w,,true,,,/Users/seongcheoljeong/Sensor_DB_TechInsight/techinsights_html_download_missing_dep_a6pf30000009PYHAA2/html/reports/016_DEP-2103-801.html,/Users/seongcheoljeong/Sensor_DB_TechInsight/techinsights_html_download_missing_dep_a6pf30000009PYHAA2/html/pdfs/016_DEP-2103-801/OmniVision_OX08A_DEP-2103-801.pdf,/Users/seongcheoljeong/FDTD/sensor_db/generated_stack_configs/dep_2103_801_leopard_imaging_inc_ox08a4y_gmsl.json,/Users/seongcheoljeong/FDTD/sensor_db/generated_tcad_profiles/dep_2103_801_leopard_imaging_inc_ox08a4y_gmsl/profile.json
DEP-2103-802,DEP,2021-06-08T00:00:00.000+00:00,2021,Leopard Imaging Inc,LI-IMX490-GW5400,Camera,Sony IMX490 Device Essentials Plus,,cmos_image_sensor,3.0,,,,"1/1.55""",3.1,,,,,,,,,,,,,,,,standalone,,,back_illuminated,,vertical_transfer_gate,true,,true,full_depth_front_dti,2.3,0.175,175.0,13.0,,,,bayer,gapless_ocl,w,,true,,,/Users/seongcheoljeong/Sensor_DB_TechInsight/techinsights_html_download_missing_dep_a6pf30000009PYHAA2/html/reports/017_DEP-2103-802.html,/Users/seongcheoljeong/Sensor_DB_TechInsight/techinsights_html_download_missing_dep_a6pf30000009PYHAA2/html/pdfs/017_DEP-2103-802/Sony IMX490_DEP-2103-802.pdf,/Users/seongcheoljeong/FDTD/sensor_db/generated_stack_configs/dep_2103_802_leopard_imaging_inc_li_imx490_gw5400.json,/Users/seongcheoljeong/FDTD/sensor_db/generated_tcad_profiles/dep_2103_802_leopard_imaging_inc_li_imx490_gw5400/profile.json
DEP-2103-803,DEP,2021-06-01T00:00:00.000+00:00,2021,Samsung,S5K231YX,,"Samsung S5K231YX, VGA, 0.3 MP, 9.0 μm Pixel Pitch Back-Illuminated Dynamic Vision Sensor Device Essentials Plus Summary",,cmos_image_sensor,9.0,0.3,,,,2.5,,,,,,,,,,,,,,,,,36.0,,back_illuminated,,,true,,true,back_dti,,,,,,,,,ocl,w,,,,,/Users/seongcheoljeong/Sensor_DB_TechInsight/techinsights_html_download_missing_dep_a6pf30000009PYHAA2/html/reports/018_DEP-2103-803.html,/Users/seongcheoljeong/Sensor_DB_TechInsight/techinsights_html_download_missing_dep_a6pf30000009PYHAA2/html/pdfs/018_DEP-2103-803/Samsung_S5K231YX_DEP-2103-803.pdf,/Users/seongcheoljeong/FDTD/sensor_db/generated_stack_configs/dep_2103_803_samsung_s5k231yx.json,/Users/seongcheoljeong/FDTD/sensor_db/generated_tcad_profiles/dep_2103_803_samsung_s5k231yx/profile.json
DEP-2103-804,DEP,2021-08-05T00:00:00.000+00:00,2021,Samsung,S5KGN2,CMOS Image Sensor,Samsung ISOCELL GN2 Device Essentials Plus,,cmos_image_sensor,1.4,50.0,,,"1/12""",2.8,,,,,,,,,,,,,,,,dual_pixel,,,back_illuminated,,,true,,true,full_depth_front_dti,2.3,,,,,,,tetracell_bayer,gapless_ocl,w,,,,true,/Users/seongcheoljeong/Sensor_DB_TechInsight/techinsights_html_download_dep_a6pf30000009PYHAA2/html/reports/030_DEP-2103-804.html,/Users/seongcheoljeong/Sensor_DB_TechInsight/techinsights_html_download_dep_a6pf30000009PYHAA2/html/pdfs/030_DEP-2103-804/Samsung_S5KGN2SP_DEP-2103-804.pdf,/Users/seongcheoljeong/FDTD/sensor_db/generated_stack_configs/dep_2103_804_samsung_s5kgn2.json,/Users/seongcheoljeong/FDTD/sensor_db/generated_tcad_profiles/dep_2103_804_samsung_s5kgn2/profile.json
DEP-2104-801,DEP,2021-07-23T00:00:00.000+00:00,2021,Sony,IMX991-AABA,Image Sensor,Sony IMX990 Device Essentials Plus,,swir_image_sensor,5.0,,,,"1/2""",,,,,,,,,,,,,,,,,standalone,,,,global,,,true,true,back_dti,,,,,,,,,ocl,w,,,,,/Users/seongcheoljeong/Sensor_DB_TechInsight/techinsights_html_download_dep_a6pf30000009PYHAA2/html/reports/031_DEP-2104-801.html,/Users/seongcheoljeong/Sensor_DB_TechInsight/techinsights_html_download_dep_a6pf30000009PYHAA2/html/pdfs/031_DEP-2104-801/Sony_IMX990_DEP-2104-801.pdf,/Users/seongcheoljeong/FDTD/sensor_db/generated_stack_configs/dep_2104_801_sony_imx991_aaba.json,/Users/seongcheoljeong/FDTD/sensor_db/generated_tcad_profiles/dep_2104_801_sony_imx991_aaba/profile.json
DEP-2112-802,DEP,2022-06-01T00:00:00.000+00:00,2022,Canon,LC1720_CIS,CMOS Image Sensor,Canon LC1720 Full Frame 24.1 MP 6.0 μm Pixel Stacked Back-Illuminated CIS from Canon EOS R3 Device Essentials Plus,,cmos_image_sensor,6.0,24.1,,,,3.1,8.0,,,,,,,,,,,,,,,standalone,,,back_illuminated,,,true,true,true,full_depth_front_dti,,,,,,tin,,bayer,gapless_ocl,tin,,,,true,/Users/seongcheoljeong/Sensor_DB_TechInsight/techinsights_html_download_dep_a6pf30000009PYHAA2/html/reports/027_DEP-2112-802.html,/Users/seongcheoljeong/Sensor_DB_TechInsight/techinsights_html_download_dep_a6pf30000009PYHAA2/html/pdfs/027_DEP-2112-802/Canon_LC1720_DEP-2112-802.pdf,/Users/seongcheoljeong/FDTD/sensor_db/generated_stack_configs/dep_2112_802_canon_lc1720_cis.json,/Users/seongcheoljeong/FDTD/sensor_db/generated_tcad_profiles/dep_2112_802_canon_lc1720_cis/profile.json
DEP-2201-801,DEP,2022-05-12T00:00:00.000+00:00,2022,OmniVision,OV60A,CMOS Image Sensor,OmniVision OV60A Device Essentials Plus,,cmos_image_sensor,0.61,60.0,,,"1/2.8""",2.9,1.6,0.83,0.83,0.85,,,,,,,,,,,,eight_shared,14.0,,back_illuminated,,,true,true,true,partial_depth_back_dti,,,,10.6,,,,bayer,gapless_ocl,w,,,,,/Users/seongcheoljeong/Sensor_DB_TechInsight/techinsights_html_download_dep_a6pf30000009PYHAA2/html/reports/028_DEP-2201-801.html,/Users/seongcheoljeong/Sensor_DB_TechInsight/techinsights_html_download_dep_a6pf30000009PYHAA2/html/pdfs/028_DEP-2201-801/OmniVision_OV60A_DEP-2201-801.pdf,/Users/seongcheoljeong/FDTD/sensor_db/generated_stack_configs/dep_2201_801_omnivision_ov60a.json,/Users/seongcheoljeong/FDTD/sensor_db/generated_tcad_profiles/dep_2201_801_omnivision_ov60a/profile.json
DEP-2202-801,DEP,2022-07-13T00:00:00.000+00:00,2022,Sony,IMX636AAMR-ES,Unclassified,Sony IMX636 0.92 MP 4.86 μm Pixel Pitch Event-Based Vision Sensor Device Essentials Plus,,event_image_sensor,4.86,0.92,1280,720,"1/2.5""",6.8,4.2,,,,,,,,,,,,,,,standalone,,,back_illuminated,,,true,true,true,full_depth_front_dti,0.57,,,11.9,,tin,,monochrome,gapless_ocl,w,,,,,/Users/seongcheoljeong/Sensor_DB_TechInsight/techinsights_html_download_missing_dep_a6pf30000009PYHAA2/html/reports/010_DEP-2202-801.html,/Users/seongcheoljeong/Sensor_DB_TechInsight/techinsights_html_download_missing_dep_a6pf30000009PYHAA2/html/pdfs/010_DEP-2202-801/Sony_IMX636_DEP-2202-801.pdf,/Users/seongcheoljeong/FDTD/sensor_db/generated_stack_configs/dep_2202_801_sony_imx636aamr_es.json,/Users/seongcheoljeong/FDTD/sensor_db/generated_tcad_profiles/dep_2202_801_sony_imx636aamr_es/profile.json
DEP-2206-801,DEP,2022-09-14T00:00:00.000+00:00,2022,Sony,IMX662,CMOS Image Sensor,Sony IMX662 2.1 MP Resolution 2.9 µm Pixel Pitch CMOS Image Sensor with STARVIS 2 Device Essentials Plus,,nir_cis,2.9,2.1,,,"1/2.8""",6.6,2.6,0.5,0.5,0.55,,,,,,,,,,,,standalone,,,back_illuminated,,dual_vertical_transfer_gate,true,true,true,full_depth_front_dti,0.23,,,28.7,oxide,tin,,bayer,gapless_ocl,w,,true,,,/Users/seongcheoljeong/Sensor_DB_TechInsight/techinsights_html_download_dep_a6pf30000009PYHAA2/html/reports/026_DEP-2206-801.html,/Users/seongcheoljeong/Sensor_DB_TechInsight/techinsights_html_download_dep_a6pf30000009PYHAA2/html/pdfs/026_DEP-2206-801/Sony_IMX662_DEP-2206-801.pdf,/Users/seongcheoljeong/FDTD/sensor_db/generated_stack_configs/dep_2206_801_sony_imx662.json,/Users/seongcheoljeong/FDTD/sensor_db/generated_tcad_profiles/dep_2206_801_sony_imx662/profile.json
DEP-2207-801,DEP,2022-10-07T00:00:00.000+00:00,2022,STMicroelectronics,55G0AB,CMOS Image Sensor,STMicroelectronics 55G0AB 0.4 MP 2.6 μm Pixel Pitch IR Camera from Surface Pro 8 Device Essentials Plus,,global_shutter_cis,2.6,0.4,,,"1/1.9""",4.1,,,,,,,,,,,,,,,,standalone,,,back_illuminated,global,,true,true,true,full_depth_front_dti,5.9,0.19,190.0,31.0,polysilicon,,,,gapless_ocl,w,,,,,/Users/seongcheoljeong/Sensor_DB_TechInsight/techinsights_html_download_dep_a6pf30000009PYHAA2/html/reports/025_DEP-2207-801.html,/Users/seongcheoljeong/Sensor_DB_TechInsight/techinsights_html_download_dep_a6pf30000009PYHAA2/html/pdfs/025_DEP-2207-801/STMicroelectronics_55G0AB_DEP-2207-801.pdf,/Users/seongcheoljeong/FDTD/sensor_db/generated_stack_configs/dep_2207_801_stmicroelectronics_55g0ab.json,/Users/seongcheoljeong/FDTD/sensor_db/generated_tcad_profiles/dep_2207_801_stmicroelectronics_55g0ab/profile.json
DEP-2209-801,DEP,2022-12-07T00:00:00.000+00:00,2022,Apple,iPhone 14 Pro,5G Handset,Apple iPhone 14 Pro 48 MP Rear-Facing Main Camera Device Essentials Plus,,cmos_image_sensor,1.22,48.0,,,"1/1.28""",3.6,1.6,0.5,0.5,0.53,,,,,,,,,,,,quad_pixel,12.0,,back_illuminated,,,true,true,true,full_depth_front_dti,2.8,,,,,,,quad_bayer,gapless_ocl,w,,,,true,/Users/seongcheoljeong/Sensor_DB_TechInsight/techinsights_html_download_missing_dep_a6pf30000009PYHAA2/html/reports/009_DEP-2209-801.html,/Users/seongcheoljeong/Sensor_DB_TechInsight/techinsights_html_download_missing_dep_a6pf30000009PYHAA2/html/pdfs/009_DEP-2209-801/Sony_iPhone 14 Pro 48MP Rear-Facing BI Stacked CIS_DEP-2209-801.pdf,/Users/seongcheoljeong/FDTD/sensor_db/generated_stack_configs/dep_2209_801_apple_iphone_14_pro.json,/Users/seongcheoljeong/FDTD/sensor_db/generated_tcad_profiles/dep_2209_801_apple_iphone_14_pro/profile.json
DEP-2211-801,DEP,2023-04-20T00:00:00.000+00:00,2023,Stratio,BeyonSense 1,Camera,Stratio BeyonSense 128×128 Resolution 35 μm Pixel Pitch FI Ge-on-Si SWIR Image Sensor Device Essentials Plus,,swir_image_sensor,,,128,128,,,,,,,,,,,,,,,,,,standalone,,,front_illuminated,,,,,true,back_dti,,,,,,,,,ocl,,,,,,/Users/seongcheoljeong/Sensor_DB_TechInsight/techinsights_html_download_missing_dep_a6pf30000009PYHAA2/html/reports/007_DEP-2211-801.html,/Users/seongcheoljeong/Sensor_DB_TechInsight/techinsights_html_download_missing_dep_a6pf30000009PYHAA2/html/pdfs/007_DEP-2211-801/Stratio_BeyonSense_SWIR_DEP-2211-801.pdf,,
DEP-2301-801,DEP,2023-05-12T00:00:00.000+00:00,2023,Sony,IMX758,CMOS Image Sensor,Sony IMX758 Device Essentials Plus,,cmos_image_sensor,0.7,50.0,,,"1/2.4""",4.5,1.4,,,,,,,,,,,,,,,quad_pixel,12.0,,back_illuminated,,vertical_transfer_gate,true,true,true,full_depth_front_dti,3.4,,,,,tin,,quad_bayer,gapless_ocl,w,,,,true,/Users/seongcheoljeong/Sensor_DB_TechInsight/techinsights_html_download_dep_a6pf30000009PYHAA2/html/reports/024_DEP-2301-801.html,/Users/seongcheoljeong/Sensor_DB_TechInsight/techinsights_html_download_dep_a6pf30000009PYHAA2/html/pdfs/024_DEP-2301-801/Sony_IMX758_DEP-2301-801.pdf,/Users/seongcheoljeong/FDTD/sensor_db/generated_stack_configs/dep_2301_801_sony_imx758.json,/Users/seongcheoljeong/FDTD/sensor_db/generated_tcad_profiles/dep_2301_801_sony_imx758/profile.json
DEP-2304-802,DEP,2023-09-12T00:00:00.000+00:00,2023,Sony,LI-IMX728-9295_Front-Cam_ISP,Image Processor,Sony IMX728 Device Essentials Plus,,cmos_image_sensor,2.1,,,,"1/1.72""",4.1,,,,,,,,,,,,,,,,standalone,,,back_illuminated,,,true,true,true,partial_depth_back_dti,3.1,0.225,225.0,,,,,bayer,gapless_ocl,w,,true,,,/Users/seongcheoljeong/Sensor_DB_TechInsight/techinsights_html_download_missing_dep_a6pf30000009PYHAA2/html/reports/005_DEP-2304-802.html,/Users/seongcheoljeong/Sensor_DB_TechInsight/techinsights_html_download_missing_dep_a6pf30000009PYHAA2/html/pdfs/005_DEP-2304-802/Sony_IMX728_DEP-2304-802.pdf,/Users/seongcheoljeong/FDTD/sensor_db/generated_stack_configs/dep_2304_802_sony_li_imx728_9295_front_cam_isp.json,/Users/seongcheoljeong/FDTD/sensor_db/generated_tcad_profiles/dep_2304_802_sony_li_imx728_9295_front_cam_isp/profile.json
DEP-2305-801,DEP,2023-09-14T00:00:00.000+00:00,2023,Samsung,S5KHP3SP_CIS,CMOS Image Sensor,Samsung S5KHP3SP CMOS Image Sensor Device Essentials Plus,,cmos_image_sensor,0.56,,,,"1/1.4""",4.1,,,,,,,,,,,,,,,,quad_pixel,,,back_illuminated,,vertical_transfer_gate,true,,true,full_depth_front_dti,,,,46.0,polysilicon,tin,,bayer,gapless_ocl,w,,,,true,/Users/seongcheoljeong/Sensor_DB_TechInsight/techinsights_html_download_dep_a6pf30000009PYHAA2/html/reports/022_DEP-2305-801.html,/Users/seongcheoljeong/Sensor_DB_TechInsight/techinsights_html_download_dep_a6pf30000009PYHAA2/html/pdfs/022_DEP-2305-801/Samsung_S5KHP3SP_DEP-2305-801.pdf,/Users/seongcheoljeong/FDTD/sensor_db/generated_stack_configs/dep_2305_801_samsung_s5khp3sp_cis.json,/Users/seongcheoljeong/FDTD/sensor_db/generated_tcad_profiles/dep_2305_801_samsung_s5khp3sp_cis/profile.json
DEP-2305-802,DEP,2023-08-09T00:00:00.000+00:00,2023,Sony,XQ-DQ72_Dual-Rear-Cam2_CIS,CMOS Image Sensor,Sony 2-Layer Transistor Pixel (ExmorT) Device Essentials Plus,,cmos_image_sensor,1.12,48.0,,,"1/1.35""",4.4,1.8,,,,,2.24,,,,,,,,,,quad_pixel,12.0,,back_illuminated,,,true,true,true,full_depth_front_dti,3.9,0.097,97.0,,,tin,,quad_bayer,gapless_ocl,w,,,,true,/Users/seongcheoljeong/Sensor_DB_TechInsight/techinsights_html_download_dep_a6pf30000009PYHAA2/html/reports/023_DEP-2305-802.html,/Users/seongcheoljeong/Sensor_DB_TechInsight/techinsights_html_download_dep_a6pf30000009PYHAA2/html/pdfs/023_DEP-2305-802/Sony_2-Layer_Transistor_Pixel_DEP-2305-802.pdf,/Users/seongcheoljeong/FDTD/sensor_db/generated_stack_configs/dep_2305_802_sony_xq_dq72_dual_rear_cam2_cis.json,/Users/seongcheoljeong/FDTD/sensor_db/generated_tcad_profiles/dep_2305_802_sony_xq_dq72_dual_rear_cam2_cis/profile.json
DEP-2307-801,DEP,2024-04-26T00:00:00.000+00:00,2024,SK Hynix,Hi-5021Q,CMOS Image Sensor,SK hynix Hi-5021Q 50MP 0.70μm Pixel CMOS Image Sensor Device Essentials Plus,,cmos_image_sensor,0.7,50.0,,,,3.6,,,,,0.7,1.4,0.7,,,,,,,,,quad_pixel,12.0,,back_illuminated,,,true,true,true,partial_depth_back_dti,3.0,,,,,,,quad_bayer,gapless_ocl,w,,,,true,/Users/seongcheoljeong/Sensor_DB_TechInsight/techinsights_html_download_dep_a6pf30000009PYHAA2/html/reports/018_DEP-2307-801.html,/Users/seongcheoljeong/Sensor_DB_TechInsight/techinsights_html_download_dep_a6pf30000009PYHAA2/html/pdfs/018_DEP-2307-801/SK_hynix_Hi-5021Q_DEP-2307-801.pdf,/Users/seongcheoljeong/FDTD/sensor_db/generated_stack_configs/dep_2307_801_sk_hynix_hi_5021q.json,/Users/seongcheoljeong/FDTD/sensor_db/generated_tcad_profiles/dep_2307_801_sk_hynix_hi_5021q/profile.json
DEP-2310-801,DEP,2024-04-02T00:00:00.000+00:00,2024,Unknown,AT-OX03D4C-5183YUV-VBO_Cam,Image Sensor,"OmniVision OX03D4C 1/4"" 3MP 2.1μm Pixel CMOS Image Sensor Device Essentials Plus",,cmos_image_sensor,2.1,3.0,,,"1/4""",2.9,,,,,,,,,,,,,,,,standalone,13.0,2,back_illuminated,,vertical_transfer_gate,true,true,true,partial_depth_back_dti,,,,,oxide,,,,gapless_ocl,w,,true,,,/Users/seongcheoljeong/Sensor_DB_TechInsight/techinsights_html_download_dep_a6pf30000009PYHAA2/html/reports/019_DEP-2310-801.html,/Users/seongcheoljeong/Sensor_DB_TechInsight/techinsights_html_download_dep_a6pf30000009PYHAA2/html/pdfs/019_DEP-2310-801/OmniVision_OX03D4C_DEP-2310-801.pdf,/Users/seongcheoljeong/FDTD/sensor_db/generated_stack_configs/dep_2310_801_unknown_at_ox03d4c_5183yuv_vbo_cam.json,/Users/seongcheoljeong/FDTD/sensor_db/generated_tcad_profiles/dep_2310_801_unknown_at_ox03d4c_5183yuv_vbo_cam/profile.json
DEP-2401-801,DEP,2024-07-17T00:00:00.000+00:00,2024,Galaxycore Inc,KJ5n_Front-Cam_CIS,CMOS Image Sensor,Galaxycore GC32E1 Device Essentials Plus,,cmos_image_sensor,0.7,,,,"1/3.1""",2.7,,,,,0.7,1.4,0.7,,,,,,,,,quad_pixel,12.0,,,,,,,true,partial_depth_back_dti,1.8,,,,,,,quad_bayer,gapless_ocl,tin,,,,,/Users/seongcheoljeong/Sensor_DB_TechInsight/techinsights_html_download_dep_a6pf30000009PYHAA2/html/reports/014_DEP-2401-801.html,/Users/seongcheoljeong/Sensor_DB_TechInsight/techinsights_html_download_dep_a6pf30000009PYHAA2/html/pdfs/014_DEP-2401-801/Galaxycore_GC32E1_DEP-2401-801.pdf,/Users/seongcheoljeong/FDTD/sensor_db/generated_stack_configs/dep_2401_801_galaxycore_inc_kj5n_front_cam_cis.json,/Users/seongcheoljeong/FDTD/sensor_db/generated_tcad_profiles/dep_2401_801_galaxycore_inc_kj5n_front_cam_cis/profile.json
DEP-2401-802,DEP,2024-05-17T00:00:00.000+00:00,2024,Prophesee,PEK3X320CDMP_Cam_CIS,CMOS Image Sensor,Prophesee GenX320 Device Essentials Plus,,event_image_sensor,6.3,,320,320,,5.8,,,,,3.15,,,,,,,,,,,standalone,,,back_illuminated,,,true,true,true,full_depth_front_dti,0.19,,,31.5,,,biased,monochrome,gapless_ocl,w,,true,,,/Users/seongcheoljeong/Sensor_DB_TechInsight/techinsights_html_download_dep_a6pf30000009PYHAA2/html/reports/017_DEP-2401-802.html,/Users/seongcheoljeong/Sensor_DB_TechInsight/techinsights_html_download_dep_a6pf30000009PYHAA2/html/pdfs/017_DEP-2401-802/Prophesee_GenX320_DEP-2401-802.pdf,/Users/seongcheoljeong/FDTD/sensor_db/generated_stack_configs/dep_2401_802_prophesee_pek3x320cdmp_cam_cis.json,/Users/seongcheoljeong/FDTD/sensor_db/generated_tcad_profiles/dep_2401_802_prophesee_pek3x320cdmp_cam_cis/profile.json
DEP-2403-801,DEP,2024-07-09T00:00:00.000+00:00,2024,OmniVision,OV50H,CMOS Image Sensor,OmniVision OV50H Device Essentials Plus,,cmos_image_sensor,1.2,50.0,,,"1/1.3""",3.0,,,,,2.4,2.4,2.4,,,,,,,,,four_shared,2.0,,back_illuminated,,,true,true,true,partial_depth_back_dti,,,,,oxide,,,bayer,gapless_ocl,tin,,true,,true,/Users/seongcheoljeong/Sensor_DB_TechInsight/techinsights_html_download_dep_a6pf30000009PYHAA2/html/reports/016_DEP-2403-801.html,/Users/seongcheoljeong/Sensor_DB_TechInsight/techinsights_html_download_dep_a6pf30000009PYHAA2/html/pdfs/016_DEP-2403-801/OmniVision_OV50H_DEP-2403-801.pdf,/Users/seongcheoljeong/FDTD/sensor_db/generated_stack_configs/dep_2403_801_omnivision_ov50h.json,/Users/seongcheoljeong/FDTD/sensor_db/generated_tcad_profiles/dep_2403_801_omnivision_ov50h/profile.json
DEP-2405-801,DEP,2024-10-08T00:00:00.000+00:00,2024,Samsung,S5K1H1SB_CIS,CMOS Image Sensor,Samsung ISOCELL Auto 1H1 (S5K1H1SB) Device Essentials Plus,,cmos_image_sensor,2.1,8.3,,,"1/1.7""",2.9,1.8,,,,,,,,,,,,,,,standalone,,,back_illuminated,,vertical_transfer_gate,true,,true,full_depth_front_dti,2.6,0.125,125.0,,,,,bayer,gapless_ocl,w,,true,true,,/Users/seongcheoljeong/Sensor_DB_TechInsight/techinsights_html_download_dep_a6pf30000009PYHAA2/html/reports/013_DEP-2405-801.html,/Users/seongcheoljeong/Sensor_DB_TechInsight/techinsights_html_download_dep_a6pf30000009PYHAA2/html/pdfs/013_DEP-2405-801/Samsung_1H1_DEP-2405-801.pdf,/Users/seongcheoljeong/FDTD/sensor_db/generated_stack_configs/dep_2405_801_samsung_s5k1h1sb_cis.json,/Users/seongcheoljeong/FDTD/sensor_db/generated_tcad_profiles/dep_2405_801_samsung_s5k1h1sb_cis/profile.json
DEP-2407-801,DEP,2024-12-23T00:00:00.000+00:00,2024,SmartSens,SC100AT-CS1AF00,Image Sensors,SmartSens SC100AT Device Essentials Plus,SmartSens SC100AT Monolithic Back-Illuminated CMOS Image Sensor,cmos_image_sensor,3.0,1.3,44000,1,"1/3.7""",2.3,,,,,,,,27.29,5.71 mm × 4.78 mm ( 27.29 mm2),,,,,,,standalone,5.0,,back_illuminated,,,,,true,back_dti,,,,,,tin,,bayer,gapless_ocl,w,,true,,,/Users/seongcheoljeong/Sensor_DB_TechInsight/techinsights_html_download_dep_a6pf30000009PYHAA2/html/reports/012_DEP-2407-801.html,,/Users/seongcheoljeong/FDTD/sensor_db/generated_stack_configs/dep_2407_801_smartsens_sc100at_cs1af00.json,/Users/seongcheoljeong/FDTD/sensor_db/generated_tcad_profiles/dep_2407_801_smartsens_sc100at_cs1af00/profile.json
DEP-2409-801,DEP,2025-02-04T00:00:00.000+00:00,2025,Samsung,S5KGNJSP03_CIS,CMOS Image Sensor,Samsung ISOCELL GNJ (S5KGNJ) Device Essentials Plus,Samsung S5KGNJ Stacked Back-Illuminated ISOCELL CMOS Image Sensor,cmos_image_sensor,1.0,50.0,89000,1,,4.2,,,,,,,1.0,68.4,9.53 mm × 7.18 mm (68.4 mm^2^),,,,,,,super_qpd,15.0,4,back_illuminated,,dual_vertical_transfer_gate,true,,true,full_depth_front_dti,4.1,0.0879,87.9,47.0,new_material_unspecified,tin,,bayer,high_precision,w,8 Cu,,,true,/Users/seongcheoljeong/Sensor_DB_TechInsight/techinsights_html_download_dep_a6pf30000009PYHAA2/html/reports/011_DEP-2409-801.html,,/Users/seongcheoljeong/FDTD/sensor_db/generated_stack_configs/dep_2409_801_samsung_s5kgnjsp03_cis.json,/Users/seongcheoljeong/FDTD/sensor_db/generated_tcad_profiles/dep_2409_801_samsung_s5kgnjsp03_cis/profile.json
DEP-2411-801,DEP,2025-03-24T00:00:00.000+00:00,2025,OmniVision,OX08D10,CMOS Image Sensor,Omnivision OX08D10 Device Essentials Plus,OmniVision OX08D10 stacked Back-Illuminated CMOS Image Sensor with TheiaCel Technology,cmos_image_sensor,2.1,8.0,14000,2,"1/1.73""",3.0,,0.58,0.58,2.8,,,,53.96,9.32 mm × 5.79 mm (53.96 mm^2^),,,,,,,standalone,,,back_illuminated,,,true,true,true,partial_depth_back_dti,2.3,0.19,190.0,,oxide,,,,ocl,w,8 Cu + 1 Cu DBI pad,true,true,,/Users/seongcheoljeong/Sensor_DB_TechInsight/techinsights_html_download_dep_a6pf30000009PYHAA2/html/reports/010_DEP-2411-801.html,,/Users/seongcheoljeong/FDTD/sensor_db/generated_stack_configs/dep_2411_801_omnivision_ox08d10.json,/Users/seongcheoljeong/FDTD/sensor_db/generated_tcad_profiles/dep_2411_801_omnivision_ox08d10/profile.json
DEP-2412-801,DEP,2025-04-21T00:00:00.000+00:00,2025,Sony,IMX900,CMOS Image Sensor,Sony IMX900 Device Essentials Plus,Sony IMX900-AMR Stacked Back-Illuminated Voltage Domain Global Shutter CMOS Image Sensor,global_shutter_cis,2.25,3.2,,,"1/3.1""",6.0,3.6,,,,,,,42.73,7.59 mm × 5.63 mm (42.73 mm^2^),,,,,,,quad_pixel,6.0,,back_illuminated,global,,true,true,true,full_depth_front_dti,1.9,0.185,185.0,25.6,oxide,,,monochrome,gapless_ocl,w,"8 Cu + 2 MIM capacitor’s electrodes (Ta-based/TiN, TiN) +1 Al + 1 Cu DBI pad",true,,,/Users/seongcheoljeong/Sensor_DB_TechInsight/techinsights_html_download_dep_a6pf30000009PYHAA2/html/reports/009_DEP-2412-801.html,,/Users/seongcheoljeong/FDTD/sensor_db/generated_stack_configs/dep_2412_801_sony_imx900.json,/Users/seongcheoljeong/FDTD/sensor_db/generated_tcad_profiles/dep_2412_801_sony_imx900/profile.json
DEP-2504-801,DEP,2025-10-10T00:00:00.000+00:00,2025,Sony,IMX487-AAMJ-C,Image Sensors,Sony IMX487 Device Essentials Plus,Sony IMX487 Stacked Back-Illuminated Charge Domain Global Shutter CMOS Image Sensor,global_shutter_cis,2.74,,28500,1,"2/3""",3.1,3.9,,,,1.3,,,150.02,13.54 mm × 11.08 mm (150.02 mm^2^),,,,,,,four_shared,20.0,,back_illuminated,global,vertical_transfer_gate,true,true,true,full_depth_front_dti,3.0,,,,polysilicon,tin,,monochrome,ocl,w,6 Cu + 1 Al + 1 Cu DBI pad,,,,/Users/seongcheoljeong/Sensor_DB_TechInsight/techinsights_html_download_dep_a6pf30000009PYHAA2/html/reports/005_DEP-2504-801.html,,/Users/seongcheoljeong/FDTD/sensor_db/generated_stack_configs/dep_2504_801_sony_imx487_aamj_c.json,/Users/seongcheoljeong/FDTD/sensor_db/generated_tcad_profiles/dep_2504_801_sony_imx487_aamj_c/profile.json
DEP-2505-802,DEP,2025-09-17T00:00:00.000+00:00,2025,SmartSens,SC550XS,CMOS Image Sensor,SmartSens SC550XS Device Essentials Plus,"SmartSens SC550XS 50 MP, 1.00 µm pixel CMOS Image Sensor",cmos_image_sensor,1.0,50.0,22500,3,"1/1.56""",2.9,2.1,0.63,,,2.0,2.0,2.0,71.46,9.54 mm × 7.49 mm (71.46 mm^2^),,,,,,,four_shared,,,back_illuminated,,,true,true,true,partial_depth_back_dti,0.18,0.18,180.0,,,,,bayer,gapless_ocl,tin,"7 Cu, 1 Al + 1 Cu DBI",true,,,/Users/seongcheoljeong/Sensor_DB_TechInsight/techinsights_html_download_dep_a6pf30000009PYHAA2/html/reports/007_DEP-2505-802.html,,/Users/seongcheoljeong/FDTD/sensor_db/generated_stack_configs/dep_2505_802_smartsens_sc550xs.json,/Users/seongcheoljeong/FDTD/sensor_db/generated_tcad_profiles/dep_2505_802_smartsens_sc550xs/profile.json
DEP-2506-801,DEP,2025-10-14T00:00:00.000+00:00,2025,Samsung,JNP (S5KJNP),CMOS Image Sensor,Samsung ISOCELL JNP Device Essentials Plus,Samsung ISOCELL JNP CMOS Image Sensor with Metaphotonic Structure Replacing Microlens,cmos_image_sensor,0.64,,11000,1,"1/2.76""",3.8,,,0.65,0.82,,,,30.9,6.49 mm × 4.76 mm (30.9 mm^2^),,,,,,,eight_shared,3.0,,back_illuminated,,dual_vertical_transfer_gate,true,,true,full_depth_front_dti,3.8,0.096,96.0,29.6,,tin,,bayer,ocl,w,8 Cu,,,,/Users/seongcheoljeong/Sensor_DB_TechInsight/techinsights_html_download_dep_a6pf30000009PYHAA2/html/reports/004_DEP-2506-801.html,,/Users/seongcheoljeong/FDTD/sensor_db/generated_stack_configs/dep_2506_801_samsung_jnp_s5kjnp.json,/Users/seongcheoljeong/FDTD/sensor_db/generated_tcad_profiles/dep_2506_801_samsung_jnp_s5kjnp/profile.json
DEP-2511-801,DEP,2026-03-04T00:00:00.000+00:00,2026,Samsung,HP5,CMOS Image Sensor,Samsung ISOCELL HP5 Device Essentials Plus,Samsung ISOCELL HP5 Stacked Back-Illuminated ISOCELL CMOS Image Sensor,cmos_image_sensor,0.5,200.0,36000,5,"1/1.56""",4.0,1.5,,,,,,,68.19,9.51 mm × 7.17 mm (68.19 mm^2^),,,,,,,eight_shared,,,back_illuminated,,dual_vertical_transfer_gate,true,,true,full_depth_front_dti,4.2,0.0954,95.4,44.0,,tin,,bayer,high_precision,w,8 Cu,,,true,/Users/seongcheoljeong/Sensor_DB_TechInsight/techinsights_html_download_dep_a6pf30000009PYHAA2/html/reports/003_DEP-2511-801.html,,/Users/seongcheoljeong/FDTD/sensor_db/generated_stack_configs/dep_2511_801_samsung_hp5.json,/Users/seongcheoljeong/FDTD/sensor_db/generated_tcad_profiles/dep_2511_801_samsung_hp5/profile.json
DEP-2511-802,DEP,2026-04-09T00:00:00.000+00:00,2026,STMicroelectronics,56G812A1A_CIS,CMOS Image Sensor,STMicroelectronics 56G812A1A (iPhone 17 Pro Max) Device Essentials Plus,STMicroelectronics 56G812A1A Stacked Back-Illuminated Global Shutter Infrared Image Sensor,global_shutter_cis,2.9,,45000,1,,9.7,,,,,,,,21.1,4.90 mm × 4.30 mm ( 21.1 mm 2 ),,,,,,,standalone,,,back_illuminated,global,,true,true,true,full_depth_front_dti,0.48,0.48,480.0,,metal,,,,high_precision,w,7 Cu + 1 Cu DBI pad,,,,/Users/seongcheoljeong/Sensor_DB_TechInsight/techinsights_html_download_dep_a6pf30000009PYHAA2/html/reports/002_DEP-2511-802.html,,/Users/seongcheoljeong/FDTD/sensor_db/generated_stack_configs/dep_2511_802_stmicroelectronics_56g812a1a_cis.json,/Users/seongcheoljeong/FDTD/sensor_db/generated_tcad_profiles/dep_2511_802_stmicroelectronics_56g812a1a_cis/profile.json
DEP-2602-801,DEP,2029-02-11T00:00:00.000+00:00,0,OmniVision,OX05C1S_CIS,CMOS Image Sensor,Technical Report: OmniVision OX05C1S Device Essentials Plus,,cmos_image_sensor,,,,,,,,,,,,,,,,,,,,,,,,,,,,,,,,,,,,,,,,,,,,,,/Users/seongcheoljeong/Sensor_DB_TechInsight/techinsights_html_download_dep_a6pf30000009PYHAA2/html/reports/046_DEP-2602-801.html,,,
DEP-2603-801,DEP,2029-03-04T00:00:00.000+00:00,0,Samsung,JN5,CMOS Image Sensor,Technical Report: OmniVision OV50X Device Essentials Plus,,cmos_image_sensor,,,,,,,,,,,,,,,,,,,,,,,,,,,,,,,,,,,,,,,,,,,,,,/Users/seongcheoljeong/Sensor_DB_TechInsight/techinsights_html_download_dep_a6pf30000009PYHAA2/html/reports/047_DEP-2603-801.html,,,
DEP-2606-801,DEP,2029-06-01T00:00:00.000+00:00,0,Sony,LYT-901,CMOS Image Sensor,Technical Report: Sony LYT-901 Device Essentials Plus,,cmos_image_sensor,,,,,,,,,,,,,,,,,,,,,,,,,,,,,,,,,,,,,,,,,,,,,,/Users/seongcheoljeong/Sensor_DB_TechInsight/techinsights_html_download_dep_a6pf30000009PYHAA2/html/reports/048_DEP-2606-801.html,,,
EXR-2603-803,EXR,2026-05-06T00:00:00.000+00:00,2026,Ring,Wired Video Doorbell Pro (3rd Gen),Doorbell,OmniVision OS12A10 Exploratory Analysis,"OmniVision OS12A10 12 MP, 2.00 µm Pixel Pitch Monolithic CMOS Image Sensor",nir_cis,2.0,12.0,,,,3.5,2.5,,,,,,,75.0,9.38 mm × 8.00 mm (75.0 mm^2^),35.0 mm × 26.1 mm × 16.4 mm thick,XMC,65.0,,180.0,,,,,back_illuminated,,,,,true,back_dti,,,,,,,,bayer,ocl,tin,"4 Cu, 1 back Al grid/light shield",,,,/Users/seongcheoljeong/Sensor_DB_TechInsight/techinsights_html_download_devices_a6pf30000000GqhAAE/html/reports/003_EXR-2603-803.html,,/Users/seongcheoljeong/FDTD/sensor_db/generated_stack_configs/exr_2603_803_ring_wired_video_doorbell_pro_3rd_gen.json,/Users/seongcheoljeong/FDTD/sensor_db/generated_tcad_profiles/exr_2603_803_ring_wired_video_doorbell_pro_3rd_gen/profile.json
